エポック数,検証精度,検証精度,検証精度,検証精度,検証精度,検証精度,検証精度,検証精度,検証精度,検証精度,検証精度,検証精度,検証精度,検証精度,検証精度,検証精度,検証精度,検証精度,検証精度,検証精度,検証精度,検証精度,検証精度,検証精度,検証精度
,カリキュラム30-20,カリキュラム30-20,カリキュラム30-20,カリキュラム30-20,カリキュラム30-20,カリキュラム30-20,カリキュラム30-20,カリキュラム30-20,カリキュラム30-20,カリキュラムなし,カリキュラムなし,カリキュラムなし,カリキュラムなし,カリキュラムなし,カリキュラムなし,カリキュラムなし,カリキュラムなし,固定セル,固定セル,固定セル,固定セル,固定セル,固定セル,カリキュラム30-30,カリキュラム30-30
エポック数,g=1(カリキュラム),g=0.1(カリキュラム),g=0.01(カリキュラム),g=0.001(カリキュラム),g=-0.001(カリキュラム),g=-0.01(カリキュラム),g=-0.1(カリキュラム),g=-1(カリキュラム),g=0(カリキュラム),g=1,g=0.1,g=0.01,g=0.001,g=-0.001,g=-0.01,g=-0.1,g=-1,11セル,20セル,32セル,20セル(離散化・リセット),20セル（アナログ・LRリセット）,20セル（アナログ・リセット）,g=1,g=0.001
1,0.08728799969,0.08431199789,0.08331199884,0.07796799988,0.08083999902,0.0840959996,0.08470400125,0.08174400032,0.08296799958,0.08472000062,0.08317599893,0.08232799917,0.08728000075,0.08259200007,0.08884799927,0.08519199938,0.080464001,0.1018559985,0.07496000007,0.04559599943,0.07361599915,0.06905999966,0.07429200038,0.0792960003,0.0832799986
2,0.1383519977,0.1380879983,0.1378479987,0.133792001,0.1324719995,0.1312240019,0.1364639997,0.1328400016,0.1377280012,0.1384799987,0.1291039988,0.1273999989,0.1368239999,0.1301359966,0.1390319973,0.1289920002,0.127383998,0.1558839992,0.1118319996,0.07564799935,0.1106079996,0.1096399993,0.1053440005,0.1296080008,0.1321520001
3,0.1787199974,0.177767995,0.1686479986,0.1712720007,0.1745039999,0.1715679973,0.172991997,0.1703999996,0.180399999,0.1818559974,0.1765520006,0.1773039997,0.1740159988,0.1737360001,0.1765599966,0.174871999,0.1564239979,0.2103999987,0.1486479998,0.1015039995,0.1439480007,0.1471359998,0.1471799999,0.1746159971,0.1679840028
4,0.2093919992,0.212695998,0.2058720022,0.2060719967,0.2131600022,0.2015680015,0.2084319979,0.2081279963,0.2170479983,0.2177839935,0.2127999991,0.2123679996,0.2068159968,0.2065120012,0.2061119974,0.2055119991,0.1978320003,0.2449560016,0.1771919981,0.1235759988,0.172484,0.1832079977,0.1660680011,0.2171600014,0.207167998
5,0.2428959966,0.2511519969,0.2456720024,0.2437119991,0.2425999939,0.2452800006,0.2410320044,0.2452959985,0.240448001,0.2558559954,0.2440399975,0.2459439993,0.2433599949,0.244216001,0.2420480013,0.2397919953,0.2311120003,0.2855760008,0.2104759991,0.1406640001,0.202415999,0.2105399996,0.2037279993,0.2491839975,0.2469679981
6,0.278143996,0.2793600023,0.2759759963,0.2783039987,0.2743360043,0.2722720027,0.2751919925,0.2707599998,0.2732159972,0.2819679916,0.2805599988,0.2733839929,0.2690479994,0.2681440055,0.2750240028,0.2688960016,0.2533200026,0.3104999959,0.2357879966,0.1633239999,0.2281760007,0.2394959986,0.230776,0.272615999,0.2723280013
7,0.2966959953,0.3048879921,0.3013119996,0.296239996,0.2989359975,0.3017199993,0.299752003,0.2976960003,0.3047919989,0.3075919986,0.3011039972,0.2998879969,0.2976559997,0.2965759993,0.3032400012,0.2960480034,0.2723919988,0.3338440001,0.2596999943,0.183348,0.2612679973,0.2642519981,0.2553039983,0.3016080022,0.299375999
8,0.3225599945,0.3267359972,0.3264319897,0.3263199985,0.3190639913,0.3220319986,0.3221999943,0.3151360035,0.3309680045,0.3339359939,0.327767992,0.3241999984,0.3251119971,0.3184320092,0.3247600019,0.3199200034,0.2903519988,0.3613959968,0.2832800001,0.2031319991,0.2783399969,0.2818599999,0.2752400011,0.3244719982,0.3231439948
9,0.3435840011,0.3321280003,0.3399600029,0.3407759905,0.3354559958,0.3356559992,0.3372399986,0.3413520038,0.3456480026,0.3530560017,0.3380319953,0.3436719954,0.3378400028,0.3415679932,0.3457839966,0.3266240001,0.3074320018,0.3761599958,0.3021000028,0.2172839999,0.2920599997,0.3004119992,0.2992880017,0.3393999934,0.3357199967
10,0.3536079943,0.3547439933,0.3593600035,0.3592400014,0.3596160054,0.3544479966,0.3609519958,0.3595999956,0.3601999938,0.3695760012,0.3598799944,0.3601679981,0.3540879965,0.3602319956,0.357663995,0.3439839959,0.3168559968,0.3907519996,0.3161639959,0.231095998,0.3162119985,0.3186120003,0.3148600072,0.3606399894,0.3606640041
11,0.3721199989,0.3720400035,0.3715999961,0.3787679911,0.3752640009,0.3741039991,0.3784800053,0.3788079977,0.3792400002,0.3811359942,0.3759999931,0.3758320034,0.3746880054,0.370231992,0.3734079957,0.3619599998,0.3307920039,0.4129679978,0.3338199973,0.2480599985,0.3304919928,0.328775999,0.3278120011,0.3775680006,0.3691839993
12,0.3876480043,0.3897919953,0.3874000013,0.3927039981,0.3885360003,0.3886239946,0.3920719922,0.3932799935,0.3924480021,0.4072640061,0.3923839986,0.3897119939,0.3894719958,0.3932559907,0.3831519961,0.3713279963,0.3487039983,0.4216279954,0.3535840005,0.2600520045,0.3436760008,0.3520799994,0.3469479978,0.3909920037,0.3911440015
13,0.4030879915,0.4009119987,0.4015999973,0.4028799951,0.3980319977,0.4011440039,0.4067759991,0.4001599967,0.4030559897,0.4111919999,0.4057679951,0.3969039977,0.3972960055,0.3991439939,0.3887840033,0.3858239949,0.3589439929,0.4299799949,0.3657920033,0.2746920019,0.3598199993,0.3673799932,0.3576799959,0.4010800004,0.3977919936
14,0.4116720021,0.4120239973,0.4126399934,0.4186080039,0.4094560027,0.4132879972,0.4171919882,0.4144560039,0.4141519964,0.4268320024,0.4195680022,0.4210959971,0.4101359963,0.410799998,0.411687994,0.4015359938,0.3636160076,0.4413040042,0.3770560026,0.289139998,0.3689279974,0.3775719941,0.3754519999,0.4168960035,0.4131359994
15,0.4200800002,0.4243519962,0.429023999,0.4264400005,0.422871995,0.4289040029,0.4260719955,0.4247279882,0.4282639921,0.4388399959,0.4236640036,0.4329679966,0.4247759879,0.4242559969,0.4178160071,0.4123919964,0.3793119967,0.4429159939,0.3875439942,0.2946159989,0.3843839973,0.3915319979,0.384236002,0.4276559949,0.4223280013
16,0.4291919947,0.429279995,0.4316160023,0.4371599972,0.4291120052,0.4359039962,0.430527997,0.4289359987,0.4323359966,0.438319999,0.435303998,0.4282960057,0.4314480007,0.428023994,0.4328079998,0.4188320041,0.3843999982,0.4554639965,0.3965439945,0.3120959997,0.3933279932,0.3975199968,0.3958479971,0.4291759908,0.4264640033
17,0.4397440076,0.4410960019,0.4418240011,0.4397759974,0.4361440003,0.4418719947,0.4390000045,0.4462159932,0.4460639954,0.4556639969,0.4425839961,0.4410960019,0.4395119965,0.4399199963,0.4437920034,0.4302079976,0.384175998,0.4595839947,0.4083519965,0.3250160009,0.4041960001,0.4119319975,0.4080679923,0.4431519985,0.440703994
18,0.4522800028,0.4555120051,0.4501439989,0.454535991,0.4488079965,0.4462719917,0.4512239993,0.4515680015,0.4535439909,0.4666319966,0.4519760072,0.4534399986,0.4455359995,0.4521840036,0.4490719974,0.4338400006,0.3950079978,0.4724759966,0.4189240009,0.3280039936,0.4101319999,0.4154439986,0.4213679999,0.4528639972,0.454023999
19,0.452135998,0.4534160018,0.4561359942,0.4501760006,0.4515679955,0.4552639961,0.4505919993,0.4617119968,0.4568159997,0.4636640012,0.4552719951,0.4572479963,0.4524479985,0.4568319917,0.4545680046,0.4418160021,0.3992239952,0.4758519948,0.4296520025,0.3427639991,0.4237359971,0.4306839973,0.426376,0.4538720012,0.4553440034
20,0.461055994,0.4619999886,0.4624719977,0.4631680012,0.4613839984,0.4635439932,0.4623599946,0.4623919964,0.4600239933,0.4722079992,0.4604959965,0.4620800018,0.4602479935,0.4630080044,0.4599679947,0.445359993,0.400248003,0.4737639934,0.4358239979,0.3494400024,0.4312079996,0.4338879973,0.4329519987,0.461559993,0.461056
21,0.4590319991,0.4627599955,0.4636159897,0.4612399995,0.4589039981,0.4636800051,0.4688319921,0.459800005,0.4654640019,0.4755760014,0.4623359978,0.4599520028,0.4648639917,0.4604239881,0.4601359963,0.4514800012,0.4032480001,0.4867359936,0.4395359963,0.3566119939,0.4386439949,0.4424800009,0.4397960007,0.4688560009,0.4566799998
22,0.4699840009,0.4697760046,0.4702719986,0.4754319966,0.471991998,0.4719440043,0.4687279999,0.476135999,0.473496002,0.4820559978,0.4706559896,0.4763040006,0.4743120015,0.4776319981,0.4650080025,0.4605360031,0.405399996,0.4922359914,0.4468800008,0.3714040011,0.4436600029,0.4467680037,0.4431639999,0.4729839981,0.4746880054
23,0.4712959945,0.4766080022,0.4786799908,0.4774959981,0.4753279924,0.4764800012,0.4793440044,0.4789519966,0.4770640016,0.4884000003,0.4827200055,0.4761759996,0.4745759964,0.4732879937,0.4743040025,0.4656639993,0.4108559966,0.4899879962,0.4507839978,0.3746039987,0.4500119925,0.4501039982,0.4525879979,0.4799279988,0.4757679999
24,0.4791199982,0.4776639998,0.4819759965,0.4815839946,0.478519994,0.4798959911,0.4760559976,0.4808079958,0.4796560049,0.4877679944,0.4819280028,0.48028,0.478271997,0.4825679958,0.4739600003,0.4666400015,0.4156960011,0.4962359935,0.4594879955,0.3820239991,0.4588799983,0.4591279954,0.4603280008,0.4809679985,0.4751680017
25,0.4796159983,0.4779439926,0.4847279906,0.4854640007,0.4845119953,0.483927995,0.4825839996,0.485439992,0.4855279982,0.4913599968,0.4867999971,0.4845279932,0.4833519995,0.4830239952,0.4798399985,0.4657999933,0.4189599991,0.4972880006,0.4627359986,0.3933800012,0.4626639962,0.4659479976,0.4624240011,0.4835759997,0.4803919971
26,0.4861519992,0.4854799926,0.4905359924,0.4928719997,0.4911679924,0.4885599971,0.491328001,0.4922960043,0.4921119988,0.4993919969,0.4889039993,0.4846639991,0.489568001,0.4847039998,0.4773039997,0.4787200034,0.4270639956,0.5030800015,0.4668439955,0.400127995,0.4677839935,0.471292001,0.4673480004,0.4907840014,0.4877200007
27,0.4903119922,0.4935599923,0.491832006,0.4925759971,0.4887839973,0.4890079975,0.4929520011,0.4925520003,0.4930800021,0.5013759971,0.4929599941,0.4896879971,0.4886640012,0.4912959933,0.4875759959,0.4823360026,0.4219999969,0.501315999,0.4670439988,0.4008720011,0.4662479967,0.4667359948,0.4689960003,0.4909279943,0.4922639966
28,0.4961279929,0.4970319927,0.4982559979,0.4938799977,0.4979200006,0.493344003,0.4964639962,0.4978320003,0.4975919962,0.5060719967,0.4962079942,0.4995999873,0.492847997,0.4948080063,0.4914479971,0.4886160076,0.4247999966,0.5099720061,0.4766919971,0.4105239987,0.469855997,0.4749759972,0.475751999,0.5012399971,0.4965359986
29,0.5005519986,0.4992079973,0.5008639932,0.4990960002,0.4958719969,0.4993039966,0.5045680046,0.503895998,0.5019359946,0.5096559882,0.5090799868,0.4946559966,0.5024960041,0.4982079983,0.4957440019,0.4914399922,0.432160002,0.5074599922,0.4746879995,0.4188079953,0.4722120017,0.4736879975,0.4805600017,0.5012559891,0.4955759943
30,0.5026560009,0.4955920041,0.4989440084,0.5025439918,0.4990160048,0.4950319946,0.5001199901,0.5041759908,0.5052479982,0.5137040019,0.5044560015,0.5017999947,0.5012079954,0.4972000003,0.4990400016,0.4920719981,0.3955599964,0.5115519971,0.4824720025,0.4196759969,0.479392001,0.482536,0.475999999,0.4948719919,0.4954559982
31,0.5023759902,0.5021759987,0.5022960007,0.4948559999,0.5015759885,0.498992002,0.5054559827,0.5021919847,0.5011520028,0.5141039968,0.504768008,0.5025280058,0.5019439936,0.5041599989,0.4999200106,0.4918560028,0.4117919981,0.5156120002,0.4784559965,0.421855998,0.4756479949,0.4823959976,0.4808600038,0.5063040018,0.4996640027
32,0.5126319885,0.5041040063,0.506415987,0.5115360022,0.5072319865,0.504151994,0.510928005,0.4977520049,0.5115759969,0.5149199963,0.5130400062,0.5092879891,0.5079200029,0.5090960026,0.5094719887,0.4971759975,0.4091279984,0.5145519972,0.4821799994,0.4263000011,0.4854200006,0.4854839981,0.4839000016,0.5117359996,0.5092080116
33,0.5124480009,0.5085919976,0.5131839991,0.5113519907,0.505151999,0.5131039977,0.5103120089,0.5021040022,0.5126799941,0.5176879883,0.5128559947,0.5106319904,0.5128559947,0.5103760004,0.504144001,0.4966400027,0.3479039997,0.5171200037,0.482099998,0.4310000032,0.4847719997,0.4811400026,0.480783996,0.5088479996,0.5110880017
34,0.5111199975,0.5089359879,0.5118239999,0.5081119895,0.5097839832,0.5114879847,0.5131359935,0.5035520017,0.5122240067,0.5206879973,0.5139599919,0.5109759927,0.5107519865,0.5084159911,0.5069440126,0.4968400002,0.3601040006,0.5173080087,0.4901159972,0.4360599935,0.4846559942,0.4855039954,0.4884879977,0.5113839984,0.5147040009
35,0.515704,0.5164640069,0.5129760027,0.5171200037,0.5132239997,0.5151919901,0.5139840007,0.4992319942,0.5110959888,0.5171599984,0.5206320047,0.5112400055,0.5134719968,0.5156239986,0.5122480035,0.5021200001,0.2811439976,0.5232360065,0.4905959964,0.4473439991,0.4881879985,0.4872639924,0.4860640019,0.5205359936,0.5141279936
36,0.5198960066,0.5142959952,0.5223119974,0.5177119851,0.5142959833,0.5170959949,0.5166959882,0.5032319844,0.520472002,0.5203040004,0.5170239925,0.5177039981,0.5162879944,0.5161599994,0.5151759982,0.5064879894,0.1837199952,0.5231400013,0.487244001,0.4494039983,0.4893279999,0.4936439991,0.4855920017,0.5163840055,0.5173200011
37,0.510296005,0.5122080028,0.5149600029,0.5179840088,0.515199995,0.5173839927,0.516711998,0.497743994,0.5175439954,0.5245920062,0.5188080072,0.5183999896,0.5141919971,0.5160719872,0.5111200094,0.5028719962,0.1942959949,0.5232959926,0.4938999981,0.4461679965,0.4962279946,0.4945199996,0.4947679907,0.5154559851,0.5175199986
38,0.5209199965,0.5164159894,0.5196239948,0.5210479975,0.5173599958,0.5179999948,0.5217279911,0.5037999988,0.5226639986,0.5193040013,0.5223039865,0.5218720078,0.5172559977,0.5193279982,0.519599998,0.5058480024,0.2999599993,0.5267719984,0.4934680015,0.4480040044,0.4930239916,0.4942800045,0.4974119961,0.5193040013,0.5181040049
39,0.5216800094,0.5198399901,0.5246079922,0.5246559978,0.5184879899,0.5213039994,0.5200239897,0.5061359942,0.5214640021,0.5225440025,0.5218239903,0.5195360065,0.5208959818,0.5222239971,0.5151280046,0.5098159909,0.1804079996,0.5203279972,0.496299997,0.4522239983,0.5002680004,0.4954080015,0.4959879994,0.5248239994,0.5204479933
40,0.5233199954,0.5192959905,0.523111999,0.5209679961,0.5146480083,0.523247993,0.5199280143,0.5019599915,0.5253920078,0.5214479923,0.5272000074,0.5190719843,0.522360003,0.5221360087,0.5158159971,0.506039995,0.07312799841,0.5224560082,0.5003519952,0.4494239986,0.4994760036,0.5007359952,0.498811996,0.526759994,0.5174719989
41,0.5222319961,0.5237679958,0.5293919921,0.524368,0.5206559896,0.5197839975,0.5230879903,0.5016640007,0.5261679888,0.5247120023,0.5238960028,0.5220800042,0.5232159972,0.5228399992,0.5241840005,0.5170080066,0.1735279996,0.5229959905,0.5009079993,0.4609079987,0.4976319969,0.4961800039,0.5023880005,0.5235119939,0.5230559826
42,0.5197039962,0.5192400098,0.5167120099,0.5185439944,0.5173280001,0.5133599818,0.5153439939,0.4988320112,0.5184880018,0.5215120077,0.5214959979,0.5144880056,0.5236879945,0.5200000048,0.5155440092,0.510168004,0.04875999931,0.5296839893,0.4975040019,0.4610759974,0.5013560057,0.5021159977,0.4989719957,0.5223440051,0.5215039849
43,0.5230000019,0.5235280037,0.5265679836,0.5281839848,0.5165599942,0.5288240075,0.5231519938,0.5027920008,0.5290639997,0.5231840014,0.5280400038,0.519848001,0.5235920072,0.5252399921,0.52363199,0.5090160012,0.05363199934,0.535679996,0.5002880067,0.4593720049,0.501376003,0.5062719852,0.5034159988,0.5255839944,0.5185279846
44,0.5313679934,0.5320000052,0.5336239934,0.5306159973,0.5254080057,0.5309199929,0.5328960061,0.505904007,0.5303920031,0.5338800073,0.5326319933,0.5301440001,0.5266559958,0.5317119956,0.5291920066,0.5224720001,0.06946400069,0.5269839942,0.5083800018,0.4640679896,0.5088039964,0.5029839903,0.5074199915,0.5338799953,0.5303120017
45,0.5294960022,0.5265280008,0.5303840041,0.5318079948,0.5271999836,0.5310479879,0.5285599947,0.5030399919,0.5297439933,0.5324079871,0.5290959954,0.531415987,0.5284559965,0.5330800056,0.531272006,0.5124160051,0.01814399958,0.5317880034,0.5024559975,0.4621039987,0.5028479993,0.5008159965,0.5014920026,0.5243200064,0.5306879878
46,0.5281199813,0.5303120017,0.5303600073,0.5308240056,0.5234799981,0.5337679863,0.5291279912,0.497608006,0.5332719922,0.5377999902,0.5261439919,0.5310400009,0.5319679976,0.52763201,0.5300080061,0.5131039977,0.05532000028,0.5318080008,0.5041719973,0.4695839971,0.5059999973,0.5099519968,0.505647999,0.5325760126,0.529159987
47,0.5319440007,0.5255920053,0.5295120001,0.5271119952,0.5247280002,0.5330000043,0.5305520058,0.5000879943,0.5324319959,0.5345040083,0.5361199975,0.5299440026,0.5260400057,0.5298720002,0.5255920053,0.5071839988,0.09631199837,0.5347720027,0.5082359999,0.4721919984,0.5055399925,0.5046880037,0.5088480055,0.5273759961,0.4418560073
48,0.5307759881,0.531520009,0.5364639878,0.5304240108,0.5335279822,0.5361279964,0.5310400009,0.4990560055,0.5292879939,0.5345199943,0.5396719933,0.5348639846,0.5334399939,0.5304319859,0.5293120027,0.3851199955,0.0584800005,0.5353280008,0.5071360022,0.4708319932,0.504520005,0.5070999891,0.5069080025,0.5352719903,0.4533120081
49,0.5354560018,0.5359439969,0.5397519946,0.5404000044,0.5386319995,0.5381440043,0.5324720025,0.5035999954,0.540328002,0.5445039868,0.5379199982,0.5327439904,0.5365839839,0.5382319927,0.5319360018,0.5175359905,0.2356479928,0.5343959868,0.5068120062,0.4711479992,0.5084399998,0.5093279988,0.5078880072,0.5347039938,0.4674800038
50,0.5293599844,0.5332560062,0.5402879834,0.5375680089,0.5311040044,0.5345039845,0.5365760088,0.4911040008,0.5372400045,0.5349839926,0.5345919967,0.5361439943,0.5355439901,0.5371680021,0.5357839942,0.5104080021,0.2108719986,0.5351879835,0.5117719948,0.4770799965,0.5115440041,0.5108039945,0.513891995,0.531551981,0.466952002
51,0.4054799914,0.4022799909,0.4053599954,0.4158799946,0.4072799921,0.4150399864,0.2627599925,0.1381199941,0.4110400021,0.4117999852,0.4161999941,0.4053199947,0.408679986,0.4032399893,0.3600799918,0.1141599998,0.04823999964,0.4934599876,0.4641199946,0.424819994,0.1666759945,0.4829599917,0.1510599971,0.5316960096,0.4725919902
52,0.4385199964,0.4370399892,0.4399199843,0.4431199968,0.444479996,0.4366399944,0.3385599971,0.2004799962,0.4394399941,0.4679999888,0.4415599883,0.4315199912,0.419479996,0.4343199909,0.4001199901,0.1886399955,0.1120799992,0.5088199943,0.4877399892,0.4482799888,0.2364359975,0.4979199976,0.2155999973,0.533303988,0.4787200153
53,0.4604799867,0.4598399878,0.4565999925,0.4567599952,0.461439991,0.4531599879,0.3740399897,0.2397599965,0.4687999964,0.4717999816,0.4651199937,0.44271999,0.4591999948,0.4529599905,0.4334799886,0.2297599971,0.1447999971,0.5057799965,0.4969799846,0.4576199919,0.2902919963,0.4961599857,0.2619759947,0.5319679976,0.4860079944
54,0.4777599871,0.472119993,0.4760399938,0.4735599935,0.4708799958,0.476759994,0.3761999965,0.2679199874,0.4734399974,0.4929199874,0.4663199902,0.4669999897,0.4690799892,0.4680399895,0.4490799904,0.2643999904,0.1716399997,0.5128199935,0.5057799935,0.4562999874,0.2934599921,0.4987199903,0.2697799981,0.5360399961,0.4868479967
55,0.4785199881,0.4804799914,0.4882399857,0.4797199905,0.4909199893,0.4926399946,0.3983199954,0.27852,0.4868799925,0.4961599827,0.485439992,0.474119997,0.4657999873,0.4808399856,0.4550399899,0.276639998,0.1724399954,0.521999985,0.5068999857,0.4714999914,0.3387799919,0.5101599932,0.307919994,0.5340719938,0.4952799976
56,0.4854799986,0.4848799944,0.4936799943,0.4837199926,0.485559994,0.4853199959,0.4269199848,0.335559994,0.4898399949,0.4922799826,0.4844799995,0.4787599862,0.4831599891,0.4772399902,0.4670799971,0.3025599957,0.2318399994,0.529399991,0.5078999847,0.4796399951,0.3514799908,0.5114599913,0.334999992,0.5383679986,0.5002319932
57,0.4956799865,0.506039995,0.5052399874,0.4932799876,0.4987199783,0.4947199941,0.4416799963,0.3231599927,0.5051200032,0.5128000021,0.4933999896,0.5004799962,0.4896799862,0.4976399899,0.46243999,0.3237999916,0.213079996,0.5225999862,0.5082199782,0.4803799957,0.3768199891,0.5072799861,0.3680799961,0.5373200059,0.5027439892
58,0.4930399776,0.5040399849,0.5024799883,0.5023999929,0.494479996,0.5115199745,0.4339999914,0.3574399948,0.5071999967,0.5025999844,0.4939999938,0.4963999987,0.4940800071,0.5049199998,0.4728399932,0.3159199953,0.2314799933,0.5334799886,0.5087599963,0.4845399857,0.3931599855,0.5082999885,0.3822999924,0.5375040054,0.5138480008
59,0.5062399864,0.5005599856,0.5096399903,0.5049199998,0.4985199869,0.5093999922,0.4556399822,0.3672799885,0.5101199865,0.5127999842,0.497359997,0.5037999868,0.5067199945,0.5051999927,0.4731599927,0.3593999982,0.2536399946,0.5297199905,0.5194800019,0.4800599903,0.4265999883,0.5079999983,0.4077399909,0.5385839939,0.5116479993
60,0.5099599838,0.5215599895,0.5163999915,0.5086399913,0.5200399876,0.5272399902,0.4586399853,0.3808399916,0.5105599999,0.5255599737,0.5051199794,0.5059199929,0.5226799965,0.5171199918,0.4981999815,0.3659999907,0.2448799938,0.538899982,0.5256599844,0.4924199879,0.4387599915,0.5239599943,0.4280399889,0.5380959988,0.5141279876
61,0.5005999923,0.5117199898,0.5173199773,0.5105199993,0.5135599911,0.5052399755,0.4415999889,0.347119993,0.5054799736,0.509439981,0.4958399951,0.504279989,0.5166799903,0.517839992,0.4800399899,0.3602799952,0.2913999915,0.5368999898,0.5154799938,0.4842599899,0.4524999946,0.5113599926,0.4415399909,0.4363599837,0.4123519957
62,0.5190399885,0.5187199831,0.5214799881,0.5195599794,0.508799988,0.5259599924,0.47123999,0.3840799928,0.5244399965,0.5254799843,0.5134399891,0.5137199879,0.5293199897,0.5192399859,0.5073199868,0.3715199888,0.3248399913,0.5445199907,0.5254399896,0.4987399817,0.4617599994,0.5161799848,0.4475999862,0.4386799932,0.4319119871
63,0.5198799968,0.5331999898,0.5332799911,0.5200799942,0.5267999887,0.5241999805,0.4803999841,0.4033199906,0.5163599968,0.5305999994,0.5222799897,0.5131199837,0.5208399773,0.5294399977,0.5116400063,0.3727999866,0.3432399929,0.538079989,0.5360399842,0.5012199938,0.4691999912,0.5204799891,0.4518999934,0.4604799926,0.4400399983
64,0.5204399943,0.5166399956,0.5265200019,0.5187599897,0.5251999974,0.5339599848,0.4778799832,0.4067999899,0.5276800036,0.5241999865,0.5127599776,0.5267999768,0.5189199865,0.521359992,0.4997599781,0.4097599924,0.3056399941,0.5431799948,0.5275199831,0.4986199945,0.4807799906,0.5293599784,0.4698199898,0.4848799825,0.4758479893
65,0.516839993,0.5184800029,0.5269999862,0.5134399772,0.5281599879,0.5337599993,0.4667999923,0.4042399883,0.5383599758,0.5267199993,0.5224399924,0.5277199745,0.523759973,0.5161599815,0.5045199871,0.4031999946,0.3275999904,0.5511599898,0.5353999853,0.5080199897,0.4801199913,0.5323199809,0.4788199872,0.4808799863,0.472239995
66,0.5247999907,0.5349599957,0.5307999849,0.5282400012,0.538319993,0.5290399909,0.4583599985,0.3997999966,0.5293599844,0.5316400051,0.5242399931,0.5233599961,0.5360399842,0.5245599866,0.5241199911,0.389079994,0.3539599955,0.5491599858,0.5352999866,0.5022599936,0.4879999936,0.5216399819,0.4864599943,0.4991199851,0.4730719924
67,0.5344799876,0.5378800035,0.5230399847,0.543359983,0.5376000047,0.5286799908,0.4793199956,0.4200399935,0.5267199934,0.5233599901,0.5385599852,0.5279599905,0.5307999849,0.5273599863,0.4990399897,0.4036399901,0.3457999885,0.5500599802,0.5411799908,0.5019599885,0.4894999921,0.5318999946,0.4835399926,0.5129999876,0.4877199888
68,0.5391999841,0.5465999961,0.5404799938,0.5375599861,0.544359982,0.5442399979,0.489839983,0.4286799967,0.5453599811,0.5408799767,0.5326399922,0.5425599933,0.5483999848,0.5335199833,0.5267599881,0.4160399914,0.3703999877,0.5515599906,0.5438399911,0.5148199916,0.4987599999,0.5450599909,0.4932199806,0.5125999928,0.4973279774
69,0.5385599971,0.5319599986,0.5396799803,0.5339199781,0.5322399855,0.5471999884,0.4823199868,0.4353999972,0.5269199908,0.5389599681,0.5189599812,0.5321199894,0.5427999735,0.5405599952,0.525639987,0.4093999922,0.3705999911,0.5501399934,0.5365199864,0.5077599853,0.5069399923,0.5325399995,0.4990399927,0.5215999842,0.4967199981
70,0.5343999863,0.5379199862,0.5425199866,0.5429999948,0.5413199782,0.5359599829,0.5086399853,0.427519995,0.5417999983,0.545599997,0.5412799954,0.5315199971,0.5478000045,0.5406399965,0.5279599965,0.4229199886,0.3848399937,0.5577399909,0.5457599938,0.5145999879,0.507159996,0.5403799891,0.4982599884,0.5047999978,0.5114560008
71,0.54095999,0.5343599916,0.5432799935,0.5359599948,0.5447999835,0.5234799862,0.4721599996,0.4363599896,0.5411999822,0.5400399923,0.5337999821,0.5364799857,0.5459599853,0.5520399809,0.5196399868,0.4280799925,0.3881999969,0.5584599793,0.5467400074,0.5225399911,0.51137999,0.5405599892,0.498999989,0.5259999871,0.504399991
72,0.539079988,0.5361199737,0.5486799836,0.5448399782,0.5433999777,0.5460799932,0.4995999873,0.4205599904,0.5452799916,0.540079987,0.54095999,0.5461199999,0.5409600019,0.5364399791,0.5332799852,0.4452799857,0.3938799918,0.5578799903,0.5464999914,0.5197399855,0.5120999902,0.5339799881,0.5133999825,0.5150399864,0.5091999888
73,0.5453999996,0.5401199937,0.5548799992,0.5487199903,0.5427599907,0.5393999815,0.4886399925,0.434799999,0.5412399769,0.5413999796,0.5334799886,0.5352799952,0.5524799943,0.5220799804,0.5241199911,0.4438399911,0.3802399874,0.5593599796,0.5524599969,0.5197399855,0.5149999827,0.5446799815,0.5207999885,0.5230799794,0.5147679806
74,0.549759984,0.5527199864,0.5463600039,0.5480799913,0.5493600011,0.5600399971,0.510319984,0.445239985,0.5605199933,0.5465999961,0.5471199751,0.5521599889,0.55,0.5517199993,0.5369999886,0.4250799894,0.3950399935,0.5607599854,0.5527599812,0.5210999876,0.5254599929,0.5421999872,0.5185200006,0.5298399806,0.5305919766
75,0.5557999849,0.5486799955,0.5566399932,0.5443599939,0.5621199846,0.5514000058,0.5085599899,0.4387199879,0.5472799897,0.5569599867,0.5434399843,0.5573199868,0.5602399826,0.5626399875,0.5332399964,0.4370399952,0.4011599958,0.5649399877,0.5551399887,0.5302599847,0.523179993,0.5373199821,0.5216599882,0.5243599772,0.5180400014
76,0.548239994,0.5451999903,0.5524399877,0.5417200089,0.5510399938,0.5447199821,0.4937599897,0.4496399939,0.5487199903,0.5524399996,0.5489999771,0.554919982,0.5491999865,0.5433200002,0.5438399971,0.461319989,0.4034799933,0.5670999885,0.5584399819,0.5330799878,0.5305199921,0.5448199868,0.530099988,0.5330399871,0.5250479996
77,0.5449599862,0.5547599792,0.5554799914,0.5481199741,0.561319983,0.5525599957,0.511959976,0.4493599892,0.5590399861,0.5477199912,0.5486400008,0.5503199935,0.559679985,0.5485200047,0.5282000005,0.455159992,0.391839993,0.5674799979,0.5510399938,0.531340003,0.531039989,0.5513599873,0.5243599892,0.5334799886,0.5215199947
78,0.5475999832,0.5559599757,0.5562000036,0.5575999856,0.5503999949,0.5596400023,0.5215599775,0.4489999831,0.5537199974,0.5563599944,0.5617599845,0.5643999934,0.5383599877,0.5487999916,0.5474799812,0.4204399943,0.4095199943,0.5641199827,0.5528399825,0.5250999808,0.5337199986,0.5500999987,0.5215399921,0.5409199834,0.5297679901
79,0.5497999787,0.5502399921,0.5609599948,0.5481599927,0.5545599818,0.5604799986,0.5173599899,0.4548799932,0.5561999798,0.5496399879,0.5413599849,0.5521999836,0.5617599845,0.5434399962,0.5373199821,0.4571599901,0.4444399953,0.5771399915,0.5574599862,0.5389199793,0.5351199985,0.5493599892,0.5308199942,0.5273199916,0.5326479912
80,0.5453999877,0.5571199894,0.5574399829,0.5588799834,0.5524399877,0.5582399964,0.5166799903,0.4519199848,0.5653199911,0.5497999787,0.5457999825,0.5465599895,0.5501999855,0.5561200023,0.541839993,0.4663999856,0.4303999901,0.5700199842,0.5558799863,0.5349399865,0.54102,0.5556799889,0.5347799838,0.5419199824,0.541455996
81,0.5510800004,0.563199985,0.5572399855,0.5620799899,0.5535999894,0.5616399884,0.5258799791,0.4571199894,0.5607999921,0.5525599718,0.5605999947,0.5566799998,0.5627999902,0.5587999821,0.5495999932,0.4683599949,0.3955599964,0.5746799886,0.5625199854,0.5373999894,0.5406999826,0.5524199784,0.531859988,0.5483999968,0.5442719698
82,0.5651999831,0.5698799968,0.5691599846,0.5581599951,0.5628000021,0.5746399879,0.5157999992,0.4653999865,0.5725599885,0.5585199833,0.5558799863,0.5731199861,0.56947999,0.5592799902,0.5457199872,0.4716799974,0.4265599966,0.5743199944,0.5735799789,0.5402799904,0.5404399931,0.5626799881,0.5426999867,0.5449599862,0.5414719939
83,0.567719996,0.5686399817,0.5623999715,0.5641599894,0.5625200033,0.5639599919,0.516079998,0.4754799962,0.565719986,0.558799994,0.5649999976,0.5642799973,0.5685199976,0.5643999815,0.5483200014,0.4582399905,0.4318799853,0.5760799885,0.5613399923,0.5494399846,0.5441599965,0.5544599891,0.5412999928,0.5419199824,0.53832798
84,0.5667599916,0.5726799846,0.5673199892,0.5624399781,0.5736799836,0.5717199802,0.5240400016,0.4503199875,0.5730800033,0.5656799912,0.5648799896,0.5711599946,0.5632000089,0.5667599797,0.5613999844,0.4910399854,0.4456399918,0.5801999867,0.5688799798,0.5467599869,0.54993999,0.5591399848,0.5487599909,0.5544399858,0.5397920012
85,0.5571599841,0.5735199809,0.5741599917,0.5526799917,0.568599987,0.5768799901,0.5159199953,0.4842799842,0.5699200034,0.5597599983,0.560199976,0.5628799796,0.5685199857,0.5660399914,0.5621599913,0.4697199941,0.4461599946,0.5819999993,0.5676999927,0.5489599884,0.5459599912,0.5639399946,0.5460199833,0.5581999898,0.5481199741
86,0.5688799858,0.5669999957,0.580919981,0.5737599969,0.5705999851,0.5805999756,0.5384799957,0.5041999876,0.579399991,0.5640399694,0.5590799928,0.5783199906,0.5763199925,0.5703999877,0.5499199808,0.4949999869,0.4294799924,0.5795199931,0.5715799868,0.5479199886,0.5547999859,0.5680600047,0.5535199821,0.5548400044,0.5484239936
87,0.5607200027,0.5744800091,0.5751599789,0.5637599945,0.575399971,0.5692000031,0.5339999795,0.4781599939,0.5722399831,0.563079977,0.5698799849,0.5663199902,0.5725199819,0.5741599798,0.5507199824,0.4913999975,0.4379999876,0.5806999922,0.5738999903,0.5550599933,0.5455599785,0.5635199845,0.5546999812,0.5491999865,0.5475119829
88,0.5711600065,0.5803599954,0.5755999804,0.5629999876,0.5705199838,0.5712799907,0.5323599875,0.4787599921,0.5772400022,0.5709199905,0.5606799841,0.5705199838,0.5623999953,0.5781199932,0.5552799881,0.4556399882,0.456039995,0.5870599926,0.5794999838,0.5551399887,0.5580199838,0.5645799875,0.552519989,0.5618399858,0.5530719876
89,0.5690400004,0.57148,0.5788399935,0.5794399858,0.5736400008,0.5852399826,0.5491599917,0.4884399951,0.581919992,0.5690799832,0.5729199767,0.5697599888,0.5815999746,0.5802399993,0.5681999922,0.4825199902,0.4333999872,0.5876199782,0.5828999937,0.5527799845,0.5580599844,0.565139997,0.5549199939,0.5574800014,0.5554399848
90,0.5797999859,0.5838399887,0.5799600005,0.5817599893,0.5847199917,0.5840000033,0.5503199816,0.4905599952,0.5855999947,0.5825199723,0.5725999951,0.5794799924,0.5793599844,0.5732399821,0.5696399927,0.5029199839,0.4660399973,0.5932799876,0.5773799896,0.5471999943,0.5664799869,0.5666799903,0.5548999965,0.5591599941,0.5583039999
91,0.5815599918,0.5788399935,0.5837199807,0.5845199943,0.5902799845,0.5806800008,0.5472799778,0.5013599873,0.5869199872,0.5676399827,0.5770399809,0.5743599772,0.5812799811,0.579399991,0.5720800042,0.4996399939,0.450759995,0.5926199853,0.5786399841,0.5607199907,0.5622999966,0.5711399913,0.5608799875,0.562199986,0.5609999895
92,0.5784399986,0.5807599902,0.5785599828,0.5727199793,0.5796799779,0.5866799951,0.550639987,0.496359992,0.5786800027,0.5804799795,0.5708399892,0.5741199851,0.5815199852,0.579399991,0.5717199922,0.4995599866,0.4524799943,0.5913999856,0.5829999864,0.5488999963,0.5666199923,0.580979991,0.556219995,0.5656799912,0.5655920029
93,0.5739999771,0.581039989,0.5816399813,0.5813999891,0.5707199812,0.5852799773,0.5560400009,0.4996799946,0.5812799811,0.5789599895,0.5750799775,0.5657199979,0.5825999856,0.5842799902,0.565079993,0.4799199939,0.4679599941,0.5928199887,0.5829599857,0.564019984,0.5649399817,0.5781999886,0.5679999888,0.5781599998,0.5750319839
94,0.5759600043,0.5807199955,0.5886799812,0.574879992,0.5823999882,0.5839199781,0.5606799841,0.4961199939,0.5836799979,0.5823999882,0.5773599863,0.5835199952,0.5797999859,0.5868399978,0.5831999898,0.5038799942,0.4788799882,0.5963199794,0.5802399933,0.5672799945,0.5691999972,0.5757199824,0.570359987,0.5608799815,0.5513359904
95,0.5764399767,0.5895599961,0.5902399898,0.5878399849,0.5890399814,0.588199985,0.5597200036,0.505159986,0.5785199881,0.5833999753,0.5718399763,0.5753199935,0.5905599833,0.5886799812,0.5766400099,0.5099600017,0.4733199954,0.5949999928,0.584559989,0.5631599903,0.5700599968,0.5821599901,0.5663999856,0.5737199783,0.5624159813
96,0.5894799948,0.5920799851,0.5913999915,0.5941599846,0.5913599968,0.5989599943,0.5660399795,0.5131199956,0.5935999751,0.5807599783,0.5739199758,0.5907999873,0.59599998,0.5993999958,0.5905199885,0.5051999867,0.4827199996,0.6016799986,0.5897999942,0.5667399883,0.5802999854,0.5781199932,0.5776799917,0.577279973,0.5675519943
97,0.5926799774,0.590079999,0.6023999929,0.5869599938,0.5894799829,0.594239974,0.561439991,0.5180799901,0.5970399976,0.5809599996,0.5842000008,0.59095999,0.5968000054,0.5975999951,0.5825999975,0.5116799772,0.4649599969,0.6062999904,0.5885999918,0.5749999821,0.5744599879,0.5838399947,0.5734799862,0.5816399932,0.5638479948
98,0.5896399975,0.5967199802,0.598879981,0.5953600049,0.5941999912,0.5965999842,0.565839982,0.5199999928,0.5956799865,0.5942399859,0.5895999789,0.589839983,0.6012400031,0.5955199838,0.5839999914,0.5212799907,0.4932000041,0.598939985,0.5888199806,0.5662999928,0.5782599866,0.5761199832,0.5769799888,0.5786399841,0.5727199912
99,0.5916799784,0.5868799806,0.6027599931,0.593599987,0.5983599901,0.5987199903,0.5641599774,0.5155999899,0.5933199883,0.5858399868,0.5850799918,0.5959200025,0.5919599771,0.5945199847,0.5856399775,0.5158799827,0.4913599908,0.6034199953,0.5966199994,0.5731999874,0.5838599861,0.5860799849,0.5790799916,0.5702800035,0.5739679933
100,0.5883200049,0.5921599865,0.5978399873,0.6028399944,0.5956799984,0.5995999932,0.5744399786,0.5155599833,0.5957199812,0.5847199917,0.5908799887,0.5853199959,0.5928399801,0.5930799842,0.5846399903,0.5326399803,0.4846399903,0.604219979,0.595299983,0.5792399824,0.5789199829,0.5874199867,0.5796199858,0.5829999924,0.5709599972
101,0.5915600061,0.595359993,0.5916799903,0.5938399792,0.5979599833,0.6001199841,0.5760399938,0.5338799953,0.5963199854,0.5951599956,0.5881999969,0.5950399876,0.5993199825,0.6007999897,0.5963199973,0.5332399845,0.4795199931,0.6070399821,0.6029599845,0.5823799789,0.5787799954,0.586499989,0.5813999891,0.587440002,0.5701759934
102,0.5940399885,0.6001199841,0.604519999,0.5951999903,0.59799999,0.5974399924,0.5770799756,0.5242799819,0.6042399764,0.5935599804,0.5933999896,0.5920399904,0.6027599812,0.598759985,0.5873599768,0.5224799991,0.4860799968,0.6086599827,0.5994199872,0.5807599843,0.5892599821,0.5924600065,0.5773599923,0.5850399852,0.575263989
103,0.597239995,0.5926799893,0.5979599833,0.5993600011,0.6041199923,0.6064799905,0.581159997,0.5234799981,0.6021599889,0.5999999881,0.5904399872,0.598239994,0.5965199828,0.6081599951,0.5866799831,0.5163999796,0.4918799996,0.6146399915,0.6011799932,0.5858199954,0.5841199994,0.5941399813,0.5902999938,0.5914799929,0.5783839941
104,0.6084800005,0.6112399936,0.6059999824,0.6095600009,0.5989599824,0.6057999849,0.5858799934,0.5306399941,0.6091199875,0.5993600011,0.5961599827,0.605159986,0.6041599751,0.6097999811,0.6057599902,0.5357999921,0.4896799922,0.61243999,0.6013399959,0.5807199955,0.5883799851,0.5977399826,0.5925999761,0.5931999922,0.5768959999
105,0.5921999812,0.6023199916,0.6045599818,0.6001199841,0.6040799975,0.613199985,0.5871999979,0.5402399898,0.6069999933,0.5965999842,0.5911199927,0.6009599686,0.5994399905,0.609799993,0.5922799945,0.5429599881,0.5033599913,0.6166999936,0.6070999861,0.5848199964,0.5814199805,0.597059983,0.5909799814,0.5976399899,0.5864639878
106,0.6059999824,0.611199975,0.615719986,0.6114799738,0.6120399952,0.6193199873,0.5903599858,0.5411999941,0.6045999885,0.608679986,0.5997199893,0.6079599977,0.6090799928,0.6097999811,0.6081999898,0.5440799832,0.4960799932,0.6152999878,0.6113999844,0.5889199913,0.5878599823,0.5977199852,0.593479991,0.5970799804,0.5881039739
107,0.6087199807,0.6133999825,0.6049999952,0.6169199944,0.6105200052,0.6166000009,0.5957199931,0.5430799723,0.6130399823,0.6078799963,0.6005599856,0.6022399902,0.6116399765,0.6176399827,0.6007199883,0.5340399861,0.520239985,0.6184199929,0.6148399949,0.5939599991,0.5922399879,0.6065999866,0.5976399839,0.5955599904,0.5634399951
108,0.6079599977,0.6123999834,0.6145999789,0.6095600009,0.6128399849,0.6145999789,0.5939999938,0.5461999774,0.6102399826,0.6088799953,0.6027199745,0.6081999779,0.6153599858,0.6155599713,0.6107200027,0.5378799796,0.4906799972,0.6186799884,0.6117599905,0.5969399869,0.5899399936,0.6072399795,0.5927599847,0.6020799875,0.5664399862
109,0.6092399836,0.6139999866,0.6182799816,0.6169199705,0.6227999926,0.6122399926,0.6021199942,0.5478799939,0.6186399937,0.6079200029,0.6026799798,0.6121599913,0.6224399924,0.6177999854,0.6102399826,0.5496799827,0.5065599978,0.623059994,0.6160999894,0.5990799963,0.5946999907,0.6076399922,0.6013999879,0.6008399844,0.5786799848
110,0.6139599919,0.617599988,0.6152399898,0.6180799961,0.6138399839,0.6193599939,0.6035999894,0.548759985,0.6184399843,0.6155599952,0.6065199852,0.6141599894,0.6139599919,0.6164399862,0.6074399948,0.546239984,0.4943999887,0.6244199932,0.6148199856,0.5977799952,0.587139976,0.6032199919,0.6012199879,0.5913599968,0.5717599809
111,0.6068399787,0.6186399817,0.6168399811,0.6165199876,0.61595999,0.6187199831,0.6060799837,0.5568799973,0.6162399769,0.6099199891,0.6129999876,0.6165999889,0.6220799923,0.6193599939,0.6134799838,0.5385999799,0.5047199786,0.6250599861,0.6169399917,0.6010199845,0.5960799813,0.6129799843,0.6043799818,0.6047599912,0.5810399771
112,0.6173999906,0.6180399776,0.6204399705,0.6249199986,0.6194000006,0.6233999968,0.6085199833,0.5522799969,0.6195999861,0.6189599872,0.6128399849,0.6119199753,0.6208799839,0.6206399798,0.6162399769,0.5647599936,0.5226799965,0.6272799909,0.6189399898,0.6021199942,0.5962199867,0.6133999884,0.6073999763,0.6078799844,0.5868799806
113,0.6140399814,0.6197599769,0.6259599805,0.6242799878,0.6245599985,0.6253199935,0.6030799985,0.5584399939,0.6191599965,0.6150399923,0.6130800009,0.6208399892,0.6242399812,0.6274799824,0.616719985,0.5635999918,0.5268000007,0.6313599944,0.6228399873,0.6019399941,0.6065399885,0.6136399806,0.6103999794,0.6020399809,0.5925999999
114,0.6178399801,0.6216399908,0.6232799768,0.6231599808,0.622119987,0.6275199771,0.604399991,0.5648800015,0.627159977,0.6167999744,0.6157999992,0.617599988,0.6244399786,0.6237199903,0.6147199988,0.5699599862,0.5263199925,0.6295799911,0.629459995,0.6071599901,0.604859978,0.6170799911,0.6067399979,0.6128399849,0.5888799787
115,0.6185199976,0.6215199947,0.6220799685,0.6221999884,0.6205999851,0.6280399919,0.6078799844,0.5666800022,0.6219199896,0.6167600036,0.6160399675,0.6182399869,0.6287999868,0.6226799846,0.6168799996,0.5735999942,0.5312399864,0.6336599946,0.6271999836,0.6128199875,0.6092799902,0.6203799844,0.6145599842,0.6103999853,0.5927599847
116,0.6206799865,0.6227199912,0.6321999788,0.6281199694,0.6267199874,0.6318799973,0.6121999979,0.5722799897,0.6263599992,0.6278399825,0.6148799896,0.6161599755,0.6224799991,0.6296800017,0.6248399854,0.5637199998,0.5311199903,0.6322199881,0.629919982,0.6106999934,0.6100999773,0.6197599828,0.6132999897,0.6151599884,0.5988399982
117,0.6211599827,0.6281200051,0.6293199897,0.6249999881,0.6263199806,0.6342399716,0.6199199915,0.572360003,0.6216799855,0.6256400108,0.6190799832,0.6231599808,0.6251199961,0.6295999885,0.6223199844,0.5703199863,0.5318799853,0.6361599803,0.6297799826,0.6128199816,0.604159987,0.6193999887,0.6164399922,0.6123199821,0.5992399931
118,0.6203999758,0.629039979,0.6286799788,0.6236799717,0.631039989,0.6328799844,0.6203199983,0.5739999771,0.6255999923,0.6233199716,0.6189199805,0.6252399921,0.6322799921,0.6291999936,0.6232799768,0.5776799917,0.5333200097,0.6411599874,0.6339199901,0.6198999882,0.6119999826,0.6232599854,0.6180199921,0.622119987,0.6032799721
119,0.62451998,0.6340799809,0.6325999975,0.6343199849,0.6334799886,0.642719996,0.6186799884,0.5755999923,0.6308799863,0.6220799923,0.6225599885,0.6308799982,0.6383200049,0.6314800024,0.6298399806,0.5806399822,0.5255599797,0.6395999789,0.63549999,0.6223399937,0.6111199915,0.6230799854,0.6181199849,0.6137999892,0.5979199886
120,0.6339199781,0.6303599834,0.6385599852,0.6412400007,0.6342399716,0.6378799915,0.6285199881,0.5735999823,0.6335599899,0.6279999852,0.6247999907,0.6295599937,0.6402799845,0.6356799841,0.6273199916,0.5788799882,0.5404399991,0.6403599858,0.6370399892,0.626579988,0.6186999917,0.6327199876,0.6227399826,0.6194399953,0.6071199894
121,0.6286799908,0.6339999914,0.6352799892,0.6345999837,0.6349999905,0.6403199792,0.6312399983,0.5699599743,0.6321599841,0.6239199877,0.630039978,0.6293599963,0.637079978,0.6391599894,0.6306399822,0.5853999853,0.5389599919,0.643299979,0.6385799944,0.6255399823,0.6209799886,0.6320599794,0.62293998,0.6237999916,0.6065999866
122,0.6353199959,0.6340399742,0.6360799789,0.6371199846,0.6387199879,0.6443999887,0.6317199707,0.5824399948,0.6372799993,0.6313999891,0.6279199958,0.6372799873,0.6437999725,0.638839972,0.6346399903,0.5825599909,0.5419599771,0.6442399859,0.641599983,0.6258199811,0.6204199851,0.6305999815,0.6262600005,0.629279995,0.6092399836
123,0.632559979,0.6351599932,0.6397999763,0.6397999763,0.6353999972,0.6448399901,0.6378399968,0.5857999921,0.6355199814,0.6343599796,0.6305999875,0.6342399836,0.6408799887,0.6415599823,0.6325199962,0.5905200005,0.5301199973,0.6451999903,0.6422799945,0.6314199865,0.6185599983,0.6341999888,0.6302599907,0.6293199778,0.6131999731
124,0.6398799777,0.6416399956,0.6414399981,0.6459999919,0.6406399727,0.6474399805,0.6341599941,0.591719985,0.6396799803,0.6342399836,0.6325999856,0.6352800012,0.6468399882,0.6423199892,0.6366399884,0.5922799945,0.5473999977,0.6467999816,0.6444400012,0.6311199903,0.6173799872,0.6340999901,0.6281999707,0.6341599822,0.6172799945
125,0.639320004,0.6395599961,0.6441599846,0.645879972,0.6467999935,0.6543200016,0.6376000047,0.5906000018,0.6444399953,0.6365199924,0.6338799834,0.6422799945,0.6464799762,0.6453199863,0.6382799864,0.5996799946,0.5580799818,0.6534799993,0.6483399868,0.634799993,0.6215999901,0.6370599866,0.6306599975,0.6347199917,0.6223999858
126,0.6371199846,0.6412399888,0.6446799874,0.6402799964,0.646359992,0.647759974,0.6383200049,0.5950399756,0.6411199927,0.6357999802,0.634559989,0.6412399888,0.6485999823,0.6463199854,0.64247998,0.5997199893,0.5548399925,0.651579982,0.6477399826,0.6334999919,0.6250799835,0.6378199875,0.6341599822,0.6323599815,0.6208400011
127,0.6431599855,0.6438799858,0.6480799794,0.6467599869,0.6466799855,0.6527999997,0.6406799912,0.5929199815,0.6469199896,0.6431199908,0.6405199885,0.6428799748,0.6495999813,0.6507999778,0.645359993,0.5938399911,0.5619599938,0.6523999989,0.6490399778,0.6369999945,0.625759989,0.6416399717,0.6333799839,0.6384399772,0.6251199841
128,0.6427599907,0.6464399815,0.6495199919,0.6528799891,0.6508799911,0.6569999933,0.645359993,0.5921200037,0.6467999935,0.6411999822,0.6423599839,0.6484399915,0.6522399902,0.6516799808,0.643479991,0.6023199916,0.5601999879,0.655099982,0.6516799867,0.6414399922,0.6287399888,0.6429599881,0.6365399837,0.6396000028,0.621239984
129,0.6431199789,0.6457999945,0.6468399882,0.6481999755,0.6497999907,0.6575999856,0.6481599689,0.6012399912,0.6472799897,0.6403999925,0.6393599749,0.6457999825,0.652399981,0.6519599795,0.6492399931,0.6031199694,0.5630399942,0.6551799774,0.6552999854,0.6416399837,0.627519995,0.6443399847,0.6347999811,0.6385199785,0.6224399805
130,0.644359982,0.6499199748,0.6528399944,0.6512399912,0.6505999804,0.6545599937,0.6474399924,0.5950399876,0.648999989,0.6427199721,0.6402399898,0.6465999961,0.6546799898,0.6540799856,0.6448399901,0.606919992,0.5634399891,0.6573799849,0.6568199992,0.6428799808,0.6313399851,0.6456599832,0.6382999837,0.6393199682,0.629399991
131,0.6480399728,0.6514799833,0.6552399874,0.6529199839,0.6511199832,0.6568399668,0.6503199816,0.6083999872,0.6496799946,0.6465199947,0.643840003,0.6503199816,0.6533599973,0.6524799943,0.6529199958,0.6072799683,0.5682799935,0.6585399926,0.655919981,0.6461599886,0.631039983,0.6481399953,0.6405399859,0.642839992,0.6316399813
132,0.6487999916,0.6522399902,0.6507199764,0.652399981,0.6504399896,0.6616399884,0.6537199736,0.60704,0.6525599837,0.6481999874,0.6461599946,0.6527599931,0.6574000001,0.6557999969,0.6555199742,0.6079599857,0.5653199911,0.6615599811,0.6576599717,0.6457599819,0.6329199851,0.6501599848,0.6424999893,0.6454399943,0.6309199691
133,0.6485599875,0.6521999836,0.6545999885,0.6540399909,0.6594799876,0.6596399784,0.6527199745,0.6013199925,0.6531599879,0.6476399899,0.6465599775,0.6521199942,0.6575199842,0.6548799872,0.6509199858,0.6105199933,0.564199996,0.6611199796,0.6574199855,0.6497399867,0.638079989,0.6508999825,0.6411599755,0.6421999812,0.6322799802
134,0.6495599985,0.6561199903,0.6578400016,0.6556399941,0.6521999955,0.6601599813,0.6524399877,0.6031599879,0.6543199897,0.6483199835,0.6422399879,0.6527199864,0.6569599867,0.656799984,0.6523599863,0.6101199985,0.5673599839,0.6602999806,0.6586599827,0.6468999922,0.6389599919,0.6519199908,0.6449399889,0.6445599794,0.633679986
135,0.6504400015,0.6586799741,0.6579999804,0.6591999888,0.6557599902,0.665079987,0.656520009,0.606039989,0.6559999824,0.6481999755,0.6477199912,0.6570799947,0.6586399913,0.6573599935,0.6545199752,0.6143199921,0.569599998,0.6613999844,0.6638599932,0.6502599895,0.639779985,0.6530199885,0.6439199924,0.6496399999,0.6413999796
136,0.6508399844,0.6555199862,0.6564399719,0.6576399922,0.6583599806,0.6643199921,0.6557999969,0.6077599883,0.6581199884,0.6499599814,0.6463600039,0.657439971,0.6600799918,0.6615199924,0.658160007,0.614199996,0.570119977,0.6638399959,0.6651399791,0.6492599905,0.6378599882,0.6555999875,0.6455599904,0.6482399821,0.6379999757
137,0.6515599728,0.6550399899,0.6587599993,0.6578799844,0.6588799834,0.6649599791,0.6529999852,0.6077599883,0.6556399822,0.6467199802,0.6477199793,0.6565599918,0.6585199833,0.6572799802,0.658679986,0.6152799845,0.5708799958,0.6637999892,0.6647199869,0.6509599864,0.6376999795,0.6569599807,0.6459199846,0.6499199867,0.6381999969
138,0.6518399835,0.6588399768,0.6599999785,0.6602799773,0.6579199791,0.6655999899,0.6578799844,0.6075600028,0.6569599867,0.6511999846,0.6499599934,0.6584799886,0.6625599861,0.6609599829,0.6583599925,0.6143999934,0.5708799839,0.6661799848,0.6644199789,0.6540599823,0.642539984,0.656979984,0.6469399869,0.6521999717,0.643479979
139,0.6549999833,0.6603999972,0.6611199737,0.6593999982,0.6585199952,0.6672799826,0.661199975,0.6164399862,0.6578399777,0.6530799985,0.6509999871,0.6575199962,0.6626799941,0.6607999802,0.6575199842,0.6159199834,0.5693199873,0.663899982,0.6657399893,0.6542999804,0.6433999836,0.656859988,0.6501399994,0.6548399925,0.6436799884
140,0.6537999868,0.6574799895,0.6596399903,0.6621599913,0.6609599829,0.6703199863,0.6600799799,0.6092399836,0.6576399803,0.6537599802,0.6488399863,0.6593599796,0.6617599964,0.6601999879,0.6593999863,0.6204399824,0.5714399815,0.666659981,0.6665399849,0.6569599867,0.6439399838,0.6584799826,0.6510799885,0.6505599737,0.6430399895
141,0.6535199761,0.6594799876,0.6621599793,0.6640799761,0.6583599925,0.6703599811,0.6619199872,0.6118399739,0.6589599848,0.6519599795,0.6537599921,0.6594399929,0.6613999844,0.6635599852,0.6575199842,0.6183999896,0.573999989,0.6652399957,0.6673999906,0.6546199799,0.6438599825,0.6578199804,0.6490799785,0.6544799924,0.6485199928
142,0.6557999849,0.6592799902,0.6603999853,0.6600399971,0.6597999811,0.665719986,0.660439992,0.6142399788,0.6585199833,0.6557199836,0.6490799904,0.6570399761,0.6617599845,0.661439991,0.6618799806,0.6179599881,0.5740399837,0.6651999891,0.6660599887,0.6583599865,0.6448599935,0.6575399935,0.6496599913,0.6564399958,0.6465999722
143,0.6533199787,0.6585199952,0.6585199952,0.6621199965,0.6603999853,0.6661199927,0.6636799932,0.6145199776,0.6585599899,0.6535199881,0.6545599937,0.659439981,0.6621600032,0.6639199972,0.6642399788,0.6192399979,0.573759985,0.6686999798,0.6679999888,0.656979984,0.6456799924,0.6567199826,0.6516799808,0.6542399764,0.6452399969
144,0.6561200023,0.6587199807,0.6623599768,0.6612399936,0.662319994,0.6683999896,0.6634799957,0.6192799807,0.6592799783,0.6535599828,0.6520399928,0.6610399961,0.6637999773,0.6645199895,0.6630399823,0.6199199796,0.5727999687,0.6676199794,0.6679999888,0.6592599809,0.6475999892,0.6594399929,0.6523199856,0.6538399816,0.644599998
145,0.6579200029,0.6615999937,0.660559988,0.6619199753,0.6617999911,0.6671999812,0.6615599871,0.6129199862,0.6620399833,0.6539999962,0.6537599921,0.6618799925,0.6653999925,0.6655200005,0.6653599858,0.6207599878,0.5767199874,0.6677399814,0.6676799834,0.6556999862,0.6472399831,0.6611799896,0.6527199805,0.6579999924,0.6473199844
146,0.6565999985,0.6599599838,0.6592399955,0.6612800002,0.6604799867,0.670119977,0.6616799712,0.6135999918,0.6633999944,0.6541999936,0.6506399989,0.6577599883,0.6635199785,0.6643599749,0.6623199821,0.6209599972,0.5768799901,0.6681199908,0.6675999939,0.6584999859,0.6487199783,0.6600199878,0.6526799917,0.654399991,0.6498399854
147,0.6563999891,0.6602799773,0.6613999844,0.6599999905,0.6617599964,0.6681200027,0.6610799789,0.6174799919,0.6592399836,0.6543199897,0.6540799856,0.6595199823,0.6652399778,0.6647599816,0.6631599903,0.6214799881,0.5733599901,0.6698799849,0.6693799913,0.6572999835,0.650579983,0.6599599898,0.6539599895,0.656799984,0.6456799984
148,0.657039988,0.660679996,0.662199986,0.6629199862,0.6626399875,0.667719996,0.6665199876,0.6144399881,0.6610799789,0.6507599831,0.6504399896,0.6601599813,0.6642399788,0.6654399753,0.6634399891,0.6165199995,0.5700399876,0.6698399842,0.6691399872,0.6585399926,0.6459399819,0.6587599814,0.6523599803,0.6554399848,0.6500399947
149,0.656799984,0.66243999,0.6608799815,0.6641999841,0.6622399807,0.6704399943,0.6635599852,0.6133199811,0.6637599826,0.6562399864,0.6541199923,0.660319984,0.6671599865,0.66595999,0.6623199821,0.6222799897,0.5736799955,0.6665799737,0.6693999827,0.6582599759,0.6517999887,0.6608399868,0.6534999907,0.6552399874,0.648999989
150,0.6561599851,0.6615999818,0.6611999869,0.6641999841,0.6616799951,0.6695199847,0.6611199856,0.6160799861,0.6585199952,0.6535999656,0.6505599856,0.6600399852,0.6664799929,0.6659199834,0.6644399762,0.6223999977,0.5743199825,0.6711999834,0.6681599855,0.6598599732,0.6503399909,0.6589599907,0.6549799919,0.6566799998,0.6491599917