エポック数,検証損失,検証損失,検証損失,検証損失,検証損失,検証損失,検証損失,検証損失,検証損失,検証損失,検証損失,検証損失,検証損失,検証損失,検証損失,検証損失,検証損失,検証損失,検証損失,検証損失,検証損失,検証損失,検証損失,検証損失,検証損失,検証損失,検証損失,検証損失,検証損失,検証損失,検証損失,検証損失,検証損失,検証損失,検証損失,検証損失,検証損失,検証損失,訓練損失,訓練損失,訓練損失,訓練損失,
,カリキュラム30-20,カリキュラム30-20,カリキュラム30-20,カリキュラム30-20,カリキュラム30-20,カリキュラム30-20,カリキュラム30-20,カリキュラム30-20,カリキュラム30-20,カリキュラムなし,カリキュラムなし,カリキュラムなし,カリキュラムなし,カリキュラムなし,カリキュラムなし,カリキュラムなし,カリキュラムなし,固定セル,固定セル,固定セル,固定セル,固定セル,固定セル,深さ期待値損失の値,深さ期待値損失の値,深さ期待値損失の値,深さ期待値損失の値,深さ期待値損失の値,深さ期待値損失の値,深さ期待値損失の値,深さ期待値損失の値,カリキュラム30-30,カリキュラム30-31,カリキュラム30-32,カリキュラム30-33,カリキュラム30-34,カリキュラム30-35,カリキュラム30-36,カリキュラム30-37,固定セル,固定セル,固定セル,固定セル
エポック数,g=1(カリキュラム),g=0.1(カリキュラム),g=0.01(カリキュラム),g=0.001(カリキュラム),g=-0.001(カリキュラム),g=-0.01(カリキュラム),g=-0.1(カリキュラム),g=-1(カリキュラム),g=0(カリキュラム),g=1,g=0.1,g=0.01,g=0.001,g=-0.001,g=-0.01,g=-0.1,g=-1,11セル,20セル(離散化・LRリセット),32セル,20セル(離散化・リセット),20セル（アナログ・LRリセット）,20セル（アナログ・リセット）,g=1,g=0.1,g=0.01,g=0.001,g=-0.001,g=-0.01,g=-0.1,g=-1,30-30_g=1,30-30_g=0.001,30-30_g=0.1,30-30_g=0.01,30-30_g=-0.001,30-30_g=-0.01,30-30_g=-1,20セル(離散化・LRリセット),20セル(離散化・リセット),20セル（アナログ・LRリセット）,20セル（アナログ・リセット）,
1,3.893935108,3.923799324,3.936589861,3.964200258,3.944745779,3.920762491,3.920180559,3.937385368,3.91590476,3.930809069,3.934438753,3.945515442,3.902477741,3.933167839,3.890850735,3.918450356,3.932312918,3.805223322,3.98064487,4.237558985,3.996335769,4.004388595,4.000156212,5.990481853,6.0603652,6.162998676,6.181952477,6.18879509,6.210691452,6.330693722,6.41509819,3.931504869,3.961723375,3.900435305,3.993107271,3.936718225,3.938872766,3.94566164,4.263158846,4.269055843,4.281420374,4.272706366,
2,3.593692398,3.594843817,3.603277969,3.620425463,3.633114958,3.619689465,3.612144232,3.62289896,3.594324064,3.581097984,3.660022449,3.652992439,3.591262197,3.636419678,3.581588221,3.655502033,3.65818634,3.49573679,3.740509248,3.982827234,3.767420506,3.767435884,3.788849568,5.60643959,5.774523735,6.08000803,6.152313232,6.172408104,6.245344162,6.657322407,6.901881218,3.644131184,3.646086597,3.590424967,3.644562006,3.63592968,3.615510368,3.619091415,3.850551748,3.889840102,3.861693048,3.861141205,
3,3.362854624,3.381607723,3.413602924,3.408482075,3.392586613,3.410893583,3.383857346,3.425322008,3.347561073,3.348971701,3.372237492,3.379347658,3.39178772,3.404818964,3.367580462,3.389289904,3.480782175,3.197426987,3.54173367,3.818609285,3.555528522,3.547951889,3.54107883,5.264217377,5.523269653,6.00075388,6.118156433,6.152915955,6.289529324,7.016952991,7.45454073,3.38924036,3.442700338,3.382731199,3.390878677,3.373112774,3.36143012,3.407065105,3.613668013,3.626042175,3.614891648,3.623310184,
4,3.188362932,3.182434654,3.229395771,3.213462639,3.177466154,3.218087244,3.186053801,3.196757936,3.144820595,3.140707827,3.178886461,3.191310549,3.215413904,3.217809248,3.227022028,3.223439503,3.25868125,3.017982578,3.374474525,3.697920895,3.404829907,3.357180715,3.447078061,4.960461617,5.306650639,5.911298275,6.077177048,6.135223866,6.314395905,7.391362667,8.073220253,3.170612955,3.208970022,3.168662024,3.216764593,3.178409052,3.189569664,3.190597725,3.410366368,3.482912207,3.407825327,3.50187335,
5,3.012612724,2.996293402,3.016444397,3.030304718,3.040369463,3.015962219,3.025366211,3.015719748,3.047011137,2.959061003,3.025947618,3.020513916,3.025084829,3.030752373,3.026443291,3.036469603,3.080350208,2.817377949,3.203888297,3.577672172,3.237274456,3.205450201,3.238131189,4.693352222,5.124189854,5.834671497,6.036881447,6.112205505,6.337797642,7.780548096,8.754024506,2.994938803,3.024185133,2.999089193,3.018386412,3.020956087,3.008931875,2.995821476,3.235892582,3.283044362,3.22744534,3.294321108,
6,2.849781179,2.847559977,2.856841326,2.842171764,2.878528786,2.87983222,2.841359186,2.888019419,2.870587015,2.838097811,2.838389158,2.865761852,2.895695496,2.895825768,2.870419025,2.884827518,2.966564894,2.693572021,3.073495603,3.447693396,3.120893431,3.04932816,3.09908793,4.458731174,4.9696455,5.766156673,5.999866962,6.081417561,6.350889683,8.181830406,9.464907646,2.879917479,2.857249403,2.848772335,2.913295412,2.866528893,2.865511322,2.876656961,3.073190928,3.114817905,3.064014196,3.117839622,
7,2.760892773,2.735002089,2.73944416,2.760800886,2.743328428,2.741745853,2.734406281,2.754976892,2.714931679,2.711440706,2.740900707,2.75340395,2.759238386,2.764080048,2.730441332,2.756553316,2.867897749,2.58745923,2.951281786,3.361055398,2.953724766,2.930378389,2.984855962,4.252482414,4.840250015,5.707318783,5.958305836,6.057741642,6.354032993,8.580705643,10.17703533,2.726763058,2.75267272,2.748040724,2.74393487,2.751398849,2.754968452,2.759482193,2.926930237,2.963601685,2.919383311,2.964447761,
8,2.632422781,2.617828941,2.620718241,2.627136803,2.646131802,2.633243942,2.627960014,2.668673754,2.587012386,2.576719666,2.609887123,2.629160166,2.6104918,2.654772186,2.619351959,2.649242163,2.791177845,2.459623218,2.846677184,3.25194819,2.857201242,2.835098696,2.872142196,4.070566177,4.73299408,5.654104233,5.915016651,6.027514458,6.352784634,8.975356102,10.87320805,2.623713017,2.643316746,2.617194366,2.64775157,2.628253698,2.61583004,2.642497921,2.800257683,2.830823088,2.788142967,2.830948186,
9,2.538511801,2.60586853,2.549344635,2.564779043,2.575463152,2.571980858,2.561090088,2.548269272,2.522153902,2.487966156,2.565400696,2.547654009,2.562287617,2.542569971,2.528512907,2.609654522,2.705826998,2.379323912,2.751181436,3.181663942,2.796788478,2.747981977,2.754071546,3.908816099,4.638144493,5.610643387,5.883707047,5.999815464,6.348290443,9.348357201,11.5320816,2.548786402,2.591863155,2.533547592,2.564550686,2.559143066,2.532914162,2.558047152,2.681199574,2.711041903,2.672398162,2.703800893,
10,2.477393579,2.474468565,2.445361519,2.447022724,2.454638577,2.477822638,2.439354086,2.447335863,2.447723866,2.403355646,2.441370344,2.440760279,2.481775284,2.451377535,2.460346746,2.52454524,2.649537516,2.326237321,2.669617319,3.105959749,2.666858339,2.654091716,2.675684643,3.764600515,4.554957867,5.57160902,5.853647709,5.973714352,6.344227314,9.70820713,12.14675903,2.436763144,2.461931849,2.465825129,2.479945946,2.445743752,2.444720364,2.461327696,2.572156739,2.600614905,2.563446665,2.592055845,
11,2.410608006,2.399706841,2.404147148,2.372205114,2.389315844,2.398968458,2.378066349,2.366309071,2.370255232,2.36829114,2.384852314,2.38664217,2.379142332,2.409815741,2.40167594,2.444729471,2.586324549,2.223824716,2.588109207,3.016684365,2.608073759,2.603640056,2.621850395,3.636875153,4.478519917,5.534391403,5.832542896,5.951085567,6.334552288,10.04046345,12.7139473,2.367926025,2.412794685,2.421405125,2.42307992,2.422221708,2.389106512,2.407341719,2.468090987,2.497357368,2.45940094,2.484205747,
12,2.337119722,2.32737174,2.33072257,2.312271643,2.318202734,2.326734304,2.302748156,2.314327812,2.303328943,2.244139099,2.312254047,2.329547119,2.325071478,2.308594608,2.359771824,2.426242304,2.511568594,2.19110713,2.495785069,2.971987414,2.553501344,2.518561983,2.529742146,3.524298191,4.411663055,5.494078159,5.802340031,5.92595768,6.326088428,10.35189533,13.23082542,2.325911903,2.332501554,2.331616735,2.322818995,2.353791952,2.299464369,2.334395123,2.375391603,2.401940989,2.364460039,2.385530496,
13,2.270820808,2.279956722,2.266867638,2.267082262,2.298161697,2.274685478,2.239183903,2.281658888,2.265503836,2.245689011,2.252265167,2.290298557,2.29298315,2.280656624,2.333354187,2.334523869,2.464608431,2.151299834,2.434870243,2.883879471,2.467977142,2.431642389,2.472728252,3.422454357,4.354631424,5.461894989,5.782248974,5.905937672,6.32270956,10.64477539,13.70052624,2.27477169,2.287683821,2.286268139,2.302766323,2.334514618,2.270308065,2.272279835,2.290251255,2.317111683,2.281588912,2.296035719,
14,2.230022955,2.228826332,2.212894821,2.192407322,2.232256842,2.211117887,2.199761057,2.206197977,2.217027617,2.156685257,2.191910124,2.177833557,2.227004528,2.222005558,2.229392004,2.268132401,2.437001133,2.10807066,2.387551808,2.812995553,2.423023152,2.381653666,2.387827921,3.330729246,4.298749447,5.426390648,5.763992786,5.882420063,6.312392712,10.90666199,14.12521935,2.201686525,2.228776789,2.234152317,2.258811617,2.230932331,2.229673195,2.246046209,2.21114502,2.232338715,2.198452997,2.214760256,
15,2.189715719,2.170979309,2.145842361,2.153720093,2.177646017,2.155012655,2.154813194,2.171309233,2.157385683,2.106879091,2.175256777,2.132689428,2.174326611,2.170823002,2.206031704,2.221341324,2.378133821,2.102155042,2.342170787,2.790076399,2.355328584,2.31800437,2.354848146,3.247173309,4.250551224,5.396373272,5.742114544,5.866199017,6.300251961,11.15299511,14.51161194,2.15947051,2.201465368,2.157052851,2.186665392,2.192936563,2.13503294,2.184051037,2.136023903,2.156438446,2.126096249,2.140629387,
16,2.152218676,2.151565027,2.129674053,2.117498636,2.145382547,2.125356627,2.13451438,2.15,2.138054466,2.108274031,2.123361444,2.150903511,2.139696884,2.157971907,2.131498957,2.19129281,2.350913,2.046118796,2.305092764,2.691727567,2.315742636,2.299316788,2.304448771,3.168071747,4.202277184,5.368793964,5.723462582,5.850348473,6.292178154,11.38493347,14.86128616,2.142993307,2.144931936,2.137221479,2.129879618,2.178490257,2.141630411,2.152474833,2.063220334,2.084626794,2.051031649,2.065336108,
17,2.101715803,2.092210722,2.097755671,2.101476192,2.124391794,2.095392609,2.094633389,2.074645185,2.067079401,2.041079187,2.091244841,2.094852304,2.110163498,2.103405619,2.082094955,2.150547647,2.349346066,2.033351517,2.250447726,2.637202072,2.269326282,2.231338501,2.239763331,3.092025757,4.153315544,5.337944984,5.694850922,5.836137295,6.281591892,11.5930891,15.17426109,2.088217354,2.111601353,2.097701073,2.086694622,2.10860014,2.06573987,2.096606445,2.003030562,2.021021247,1.993503797,2.003936982,
18,2.055650234,2.044568157,2.059615946,2.042594147,2.070583487,2.088161087,2.048074961,2.061812973,2.049971914,1.988231874,2.058764648,2.048905706,2.085988379,2.044406319,2.065615559,2.125013924,2.30805068,1.982485616,2.202379775,2.62397089,2.25094986,2.214365125,2.190795445,3.018038988,4.111588955,5.31299448,5.682331085,5.825621128,6.271520138,11.78595734,15.46002579,2.050251198,2.047507048,2.080050707,2.063976312,2.086540985,2.027042007,2.074580669,1.940486765,1.959904623,1.930988503,1.940430057,
19,2.051669502,2.060730696,2.037445855,2.060938501,2.063559437,2.03972826,2.062456226,2.013607168,2.034855509,2.003698754,2.043189192,2.031105328,2.054656959,2.032813072,2.045778036,2.092664433,2.295759773,1.967843807,2.163887048,2.553490782,2.193233991,2.152570295,2.171634459,2.946115971,4.072487831,5.288827896,5.666724682,5.808967113,6.258111954,11.95882797,15.71966171,2.05232563,2.030081224,2.039541674,2.036147141,2.072166967,2.012654376,2.047091818,1.885970736,1.902901268,1.877701688,1.884484446,
20,2.015285373,2.027510333,2.015263891,2.01906414,2.019183636,2.014788127,2.018168902,2.003077316,2.031817126,1.98487165,2.026579714,2.016027999,2.025415969,2.000325847,2.023928499,2.091483879,2.290789747,1.996398735,2.13908515,2.523534608,2.157471013,2.146210814,2.148367333,2.874110937,4.035108566,5.268073559,5.65401268,5.79230547,6.247574329,12.12218857,15.95518112,2.021666002,2.029976487,2.012393093,2.030799437,2.040379,1.9957793,2.010136771,1.833439422,1.849365675,1.824035621,1.834146309,
21,2.027564263,2.030167007,2.009908867,2.023562527,2.03291049,2.011002779,1.980815911,2.030315614,2.0071105,1.957060528,2.017335725,2.024573255,2.010380745,2.019797683,2.032732821,2.060729575,2.278568983,1.930076957,2.131335783,2.490438008,2.125845098,2.113800287,2.127737355,2.806042194,4.00252676,5.245047569,5.647414207,5.781708241,6.24586916,12.27274513,16.16858101,1.983870435,2.028208113,2.022225928,2.011612701,2.046463275,2.038422108,2.011384916,1.78593303,1.800428605,1.776927102,1.783466196,
22,1.990304089,1.98871913,1.991276717,1.970957398,1.981190705,1.981849599,1.991087008,1.956163144,1.966189647,1.939958334,1.990029454,1.967366028,1.976281548,1.95989852,2.018515587,2.017132998,2.29810586,1.907571888,2.090322876,2.426788163,2.103678966,2.089405251,2.104900622,2.740262508,3.96607852,5.221895695,5.638548851,5.767935753,6.237884521,12.40256119,16.36128998,1.981391144,1.967567706,1.978744602,2.007907605,1.984657526,1.950626159,1.999341393,1.740275824,1.75380398,1.733881891,1.740221405,
23,1.984228683,1.958892107,1.948899007,1.964134049,1.965036392,1.962277961,1.95174787,1.95770762,1.956210303,1.908547354,1.932303238,1.962617064,1.962244201,1.97700069,1.977308154,1.994525504,2.253974819,1.928619695,2.073530817,2.415234852,2.071393538,2.074161935,2.071412086,2.680532455,3.93278861,5.201385975,5.631766796,5.750889301,6.232326984,12.52795124,16.53999138,1.9463902,1.976382804,1.965916514,1.977688146,1.969436288,1.939000988,1.950272274,1.695416081,1.706251812,1.691343737,1.696081233,
24,1.949283528,1.962289667,1.938163805,1.945463729,1.947954345,1.951312017,1.975489616,1.956801748,1.951189351,1.917625165,1.943576026,1.936537838,1.957033348,1.934070277,1.984192443,1.998202586,2.245996428,1.906637955,2.040634441,2.386592817,2.045300949,2.051502955,2.042097342,2.626364708,3.904585838,5.188137531,5.622463226,5.736719608,6.224473,12.6409874,16.70496178,1.942862082,1.97546308,1.969548655,1.929201317,1.9558182,1.947274542,1.952007413,1.657509744,1.664578867,1.650551915,1.6545789,
25,1.951906991,1.960165787,1.933280826,1.923096204,1.931971383,1.938382292,1.951098156,1.928307843,1.926217294,1.895539188,1.9184659,1.928578091,1.938404942,1.938146567,1.956461239,2.009833264,2.232947826,1.908141303,2.03692832,2.324877763,2.025708187,2.018718374,2.03879602,2.577760696,3.875081778,5.171549797,5.611636162,5.719999313,6.213820934,12.73904991,16.85841179,1.940459418,1.942072105,1.976620579,1.933044577,1.937279487,1.923905516,1.943175459,1.613871491,1.627541888,1.610233402,1.61767354,
26,1.925465059,1.930067611,1.900447822,1.90054729,1.906041026,1.912828875,1.898936915,1.897789311,1.898685694,1.874835491,1.916795325,1.932874537,1.909790158,1.939787436,1.968690825,1.954435587,2.207360315,1.882304943,2.028481233,2.302888536,2.011873591,1.998400366,2.02289598,2.533936262,3.846822262,5.150624275,5.607013226,5.70125103,6.205175877,12.83297062,17.00230789,1.906665635,1.927516675,1.911717367,1.945529938,1.930357075,1.903265715,1.93841188,1.578824222,1.593675447,1.577409291,1.580448365,
27,1.907152796,1.896254516,1.897486186,1.892189932,1.908865309,1.91349988,1.893636036,1.893083549,1.8865834,1.851881981,1.901938629,1.908666205,1.909701777,1.903301597,1.914594722,1.942718434,2.22429986,1.890407395,2.02674526,2.307084084,2.034605575,2.029364264,2.016400337,2.495974302,3.817368984,5.130371571,5.595426559,5.685272694,6.19483757,12.9164772,17.13316727,1.904208446,1.905111432,1.910216784,1.901668358,1.931146002,1.875922418,1.900433111,1.546407712,1.555176854,1.53872273,1.550699806,
28,1.884744048,1.886030746,1.87191577,1.897332716,1.875088,1.902643394,1.884699368,1.868582892,1.884443641,1.845689678,1.889764738,1.863101602,1.900014925,1.889872789,1.900736022,1.908665276,2.20294261,1.858073866,1.989310968,2.272160363,2.010433304,1.991288126,1.980500722,2.46171999,3.790096045,5.111814022,5.585169315,5.665494442,6.18045187,12.99937725,17.25317764,1.861394095,1.876596522,1.884745932,1.893426943,1.907378411,1.885649276,1.883636761,1.513058758,1.522669327,1.51133312,1.514896882,
29,1.864485812,1.869845843,1.858285475,1.870374131,1.87895658,1.864420891,1.84280591,1.851414227,1.853764224,1.828861666,1.832606077,1.887759137,1.865808773,1.868706942,1.882939816,1.898043203,2.181261921,1.870419919,2.007647955,2.219009805,2.010899866,2.010282302,1.972957408,2.432549238,3.763949633,5.089941502,5.569869995,5.642857552,6.168894768,13.07247448,17.36195564,1.859239268,1.875247312,1.849116921,1.881682348,1.865562558,1.850690007,1.860962892,1.487283051,1.495124674,1.482989478,1.49078126,
30,1.863475132,1.901893592,1.875708866,1.860647154,1.878872561,1.886774206,1.877958488,1.845900655,1.848100424,1.806460166,1.854205036,1.871278167,1.87230258,1.884340835,1.876761675,1.906025314,2.381902504,1.859687173,1.977537143,2.238979053,1.991179073,1.973788023,2.009802949,2.40710187,3.740115643,5.070813656,5.558977604,5.630939007,6.163231373,13.13975143,17.46169853,1.881956363,1.893589497,1.888679481,1.88159101,1.883616209,1.855361819,1.871117377,1.452683759,1.457686734,1.448444068,1.449631798,
31,1.863404584,1.874956369,1.869610381,1.893881321,1.867219067,1.869847989,1.844038153,1.864696145,1.871277833,1.824291706,1.855126381,1.860950661,1.871350622,1.855414844,1.883906794,1.912252617,2.323450994,1.841696429,2.001780462,2.221586728,2.011051655,1.982682598,1.988789582,2.384782553,3.716507673,5.047585964,5.544129372,5.615055084,6.15170002,13.19760418,17.55234146,1.852464819,1.867780089,1.867995811,1.862569952,1.857546711,1.857731915,1.910451865,1.425145054,1.431914115,1.418523288,1.427090061,
32,1.815137315,1.868219852,1.852704,1.823634076,1.850613666,1.851499677,1.823209476,1.888540936,1.821650505,1.821450424,1.821797109,1.83905592,1.855020905,1.836095095,1.83968699,1.88721993,2.330278635,1.860645473,1.980436635,2.209541392,1.970943594,1.977518952,1.981624854,2.365489244,3.695500374,5.0273242,5.536056519,5.599610329,6.140932083,13.25873184,17.63571358,1.821789432,1.840521145,1.858272576,1.867954278,1.827384591,1.854973888,1.89458375,1.396743643,1.403756952,1.392089999,1.399578404,
33,1.821509981,1.846010709,1.823570418,1.827001381,1.870210552,1.828785014,1.849706912,1.86917212,1.822940254,1.812863636,1.822893071,1.837998557,1.832605171,1.83981626,1.8718853,1.892442656,2.829754639,1.844514477,1.990724134,2.191353106,1.975269532,1.996036232,1.998759198,2.348734856,3.674901962,5.005655766,5.53314209,5.587970257,6.127347469,13.31781578,17.71479416,1.836864638,1.834217739,1.818701911,1.845665145,1.829519701,1.80890305,1.915563226,1.366595995,1.374156916,1.363553238,1.370469141,
34,1.832690072,1.840582156,1.83327024,1.838267231,1.844343019,1.836869884,1.82703414,1.875024414,1.820159578,1.796478033,1.823529744,1.825211716,1.829001498,1.840368414,1.842641187,1.980760407,2.680562115,1.845339072,1.962139058,2.1783602,1.992076135,1.984692073,1.970659435,2.333959579,3.64938426,4.984473228,5.519096851,5.572262287,6.111574173,13.36783504,17.78654099,1.825370097,1.809571528,1.823115993,1.825193334,1.832953048,1.837681055,1.886883187,1.348668504,1.353403342,1.345018077,1.35537889,
35,1.803326392,1.807155132,1.812096977,1.815726423,1.825624228,1.820947552,1.816933393,1.884853315,1.828167844,1.814127183,1.794615436,1.820981956,1.829153061,1.821738911,1.824626708,1.859962058,3.473501015,1.831193042,1.965468276,2.135745668,1.973878694,1.983019578,1.977722907,2.320369244,3.625454664,4.964392662,5.514182091,5.555101871,6.102340698,13.41138363,17.85248184,1.78472147,1.816471124,1.822633767,1.808874249,1.82620368,1.807929039,1.889817762,1.32583003,1.328557336,1.319994855,1.324929118,
36,1.7978863,1.828010702,1.800108385,1.807021666,1.836484504,1.814979577,1.824889874,1.889643216,1.794690585,1.813836527,1.820497322,1.805507517,1.822346449,1.824337006,,1.861018419,4.566436052,1.831318104,1.988969338,2.126121187,1.978911364,1.950214911,1.989820361,2.307580948,3.599386454,4.942043304,5.505310535,5.538524628,6.091474056,13.45647526,17.9100132,1.818668962,1.801817679,1.806214619,1.824242806,1.82674737,1.813347149,1.872724533,1.29898051,1.303476274,1.294032598,1.301208758,
37,1.832370234,1.830029988,1.817478919,1.808824492,1.824265242,1.825385904,1.822804928,1.913109636,1.80882535,1.786569858,1.811529207,1.803768802,1.832080531,1.824214268,1.847718024,1.87067554,5.377113962,1.830997765,1.961161256,2.13668685,1.948472619,1.963528645,1.955786657,2.296267748,3.579398394,4.923531055,5.495741844,5.52660656,6.076266289,13.49688339,17.96125412,1.811604929,1.824566984,1.835799026,1.804857087,1.820056248,1.825622654,1.885520768,1.277638137,1.277251661,1.273383307,1.277634025,
38,1.795400739,1.814730763,1.807546806,1.801505399,1.823399925,1.818295598,1.791607261,1.881087542,1.793353295,1.825593066,1.799614072,1.799121571,1.820742249,1.811246514,1.805685663,1.869217682,3.367876482,1.822401583,1.969989979,2.135562015,1.969502735,1.967797971,1.932134974,2.285627842,3.56212163,4.906920433,5.487122059,5.515217304,6.063098907,13.53812408,18.0043335,1.800166154,1.807829666,1.820790124,1.813899994,1.816014218,1.794922018,1.89694314,1.250282145,1.257628953,1.247203648,1.254751909,
39,1.79154892,1.80065341,1.784174013,1.78221972,1.806294155,1.798907375,1.801554942,1.875809002,1.791379905,1.794849491,1.784713602,1.800520563,1.795495725,1.793199682,1.81720109,1.840932751,5.728193808,1.861642158,1.969644928,2.128767657,1.939179897,1.964000332,1.969093502,2.276203871,3.542220592,4.891700745,5.47872448,5.501788616,6.053150654,13.56827259,18.03974342,1.777538562,1.794139838,1.791140819,1.784472466,1.823401022,1.774005008,1.893924165,1.228498137,1.234559357,1.226227772,1.23126229,
40,1.787338686,1.806985712,1.789362812,1.796069312,1.830103087,1.790075159,1.812208056,1.893034768,1.780941987,1.813524055,1.781749773,1.808252001,1.790654659,1.795935678,1.822461486,1.884285784,6.485262489,1.855690157,1.945562041,2.144444132,1.930173695,1.939319694,1.950018799,2.267795801,3.519456863,4.870025158,5.473248482,5.485998631,6.044112206,13.59373665,18.0675106,1.770608234,1.789887118,1.801753569,1.822615767,1.78633616,1.799864817,1.886292791,1.21220119,1.214216983,1.208107817,1.214478624,
41,1.791829109,1.792093801,1.758707547,1.793363285,1.804669833,1.810538101,1.795093155,1.90226779,1.769570494,1.794400072,1.798537207,1.793015361,1.797105074,1.786214614,1.7831352,1.820448208,5.65423193,1.864315522,1.942861938,2.098604608,1.952995253,1.971414793,1.935389769,2.260948181,3.502249002,4.85366869,5.46946907,5.475325108,6.034417629,13.62211323,18.08995056,1.786556864,1.790173602,1.792752552,1.803543806,1.811394858,1.784503126,1.894147277,1.191154468,1.194142592,1.188475025,1.193703163,
42,1.792664313,1.816060901,1.822867155,1.813429117,1.819582725,1.83910768,1.832128239,1.913044763,1.81869967,1.806280565,1.8175735,1.828567481,1.79081378,1.800308466,1.824422312,1.840742683,8.791464615,1.834116244,1.977220058,2.109584928,1.948185992,1.959326684,1.976340413,2.254322767,3.485257864,4.836565971,5.463027,5.461243629,6.023592472,13.64333916,18.10778427,1.785517573,1.802856541,1.840232015,1.824575853,1.80799799,1.804015136,1.937148571,1.172627938,1.174894142,1.16955837,1.172197223,
43,1.793038249,1.79853313,1.78224771,1.774269032,1.824395728,1.779182839,1.795962334,1.90027957,1.771064496,1.809779072,1.783741808,1.821424985,1.797963953,1.787996149,1.791590476,1.869467974,7.53876276,1.80645752,1.964840627,2.125355577,1.957454181,1.938051307,1.951587081,2.248663902,3.469786406,4.816998482,5.462501526,5.448865891,6.012935162,13.66398144,18.12301064,1.781948543,1.832838607,1.784321141,1.795334768,1.771925306,1.781181121,1.924371529,1.15083338,1.152853954,1.148435783,1.155541122,
44,1.751942801,1.76328969,1.755030274,1.768563247,1.787329626,1.768869066,1.754050779,1.898516417,1.764031053,1.762843442,1.763836932,1.767487717,1.785832119,1.764417958,1.775878501,1.806499958,9.017303085,1.85519917,1.930751133,2.100489593,1.922053587,1.968301737,1.931557143,2.242788792,3.453668118,4.795667648,5.455742359,5.436164856,6.004168034,13.68258381,18.13566399,1.750801134,1.762980962,1.75455122,1.772654533,1.778330564,1.768246317,1.918510532,1.13268106,1.137410879,1.129203975,1.137301111,
45,1.769632697,1.787214851,1.772656035,1.768157864,1.787939787,1.767219496,1.776767278,1.928771257,1.768863606,1.777874255,1.776215935,1.771333313,1.780548596,1.753060365,1.773118424,1.858491397,9.610896873,1.840432692,1.97197237,2.111681795,1.954909575,1.971229887,1.980830467,2.237192392,3.436043262,4.783997536,5.449835777,5.423299313,6.00043869,13.70133114,18.14544868,1.789370513,1.760998297,1.765706873,1.786718655,1.801579762,1.761612797,1.907007432,1.111381948,1.11666913,1.113634241,1.115941882,
46,1.766446042,1.764241004,1.768223286,1.766736245,1.803158712,1.752499366,1.768629026,1.952911329,1.754340267,1.741084862,1.783743453,1.756745887,1.759460759,1.783246994,1.76667676,1.847612739,8.712715912,1.835160434,1.966532135,2.086409712,1.952866769,1.931144273,1.944377816,2.232158422,3.423445225,4.765921593,5.441118717,5.410984039,5.993416309,13.71717167,18.15354347,1.744137907,1.782674956,1.791673112,1.771059203,1.782129478,1.764073157,1.989112186,1.09249773,1.101085126,1.089639068,1.101685667,
47,1.763774896,1.795040321,1.768027759,1.800351548,1.79018991,1.767573714,1.768623185,1.941716981,1.762337112,1.762303495,1.750701594,1.770560384,1.797904968,1.776873565,1.788312078,1.884505105,9.216888237,1.830602634,1.945592833,2.066713774,1.961594689,1.957412457,1.935864925,2.227443695,3.409414768,4.752789497,5.436901093,5.399345875,5.988374233,13.73112679,18.16043663,1.791290903,1.759752321,1.767267728,1.778521919,1.798968053,1.754363513,1.973385549,1.080746675,1.087385583,1.075485826,1.084714031,
48,1.767890358,1.767290187,1.752281785,1.781672359,1.76763618,1.759625125,1.774707294,1.967689061,1.789605927,1.763240933,1.736674738,1.763252354,1.760494733,1.777904701,1.780167818,2.981420994,9.064993,1.838081574,1.962967885,2.097515368,1.970236909,1.96887275,1.949340713,2.223343372,3.396869898,4.740809917,5.432326317,5.383935452,5.973976612,13.74225426,18.16423988,1.743629909,1.768286037,1.77016561,1.779973578,1.774160266,1.780890656,1.948571634,1.063590956,1.066001821,1.056921577,1.065625322,
49,1.740618658,1.750104976,1.734150887,1.730101609,1.742271996,1.745698261,1.772362447,1.934186101,1.730661845,1.728066206,1.743805766,1.772695422,1.743364096,1.734763837,1.770038962,1.839564013,5.189355326,1.84059571,1.979910409,2.108444738,1.937027729,1.953676558,1.95790298,2.219645023,3.385666847,4.730844021,5.431380749,5.373684883,5.96145916,13.75602722,18.16791725,1.745900559,1.730750942,1.746233463,1.740209699,1.760438299,1.743902469,1.923647666,1.043490767,1.049306214,1.040922117,1.050398672,
50,1.780508113,1.766297197,1.730841446,1.735990739,1.777440691,1.762949204,1.749439549,2.012179255,1.739507151,1.785319066,1.760328341,1.748180056,1.748760653,1.749515247,1.751010466,1.881005526,5.163092852,1.851320434,1.946150351,2.084230113,1.94986347,1.955705667,1.931449354,2.215889931,3.374764442,4.716927052,5.432499886,5.366253853,5.955032825,13.76803112,18.17304039,1.757363272,1.764815974,1.750644374,1.752979279,1.754970431,1.770028067,1.950551486,1.02699874,1.028883207,1.028562081,1.031351388,
51,2.300286007,2.29954977,2.312722778,2.239000225,2.271697187,2.223861027,3.013992357,3.646216393,2.292265987,2.291940546,2.246203089,2.282015705,2.243071508,2.30323329,2.519696712,3.80789609,5.847668076,1.901540804,2.022988474,2.20777905,3.527011418,1.956213748,3.61984055,,,,,,,,,1.76890583,1.759495115,1.75358088,1.763600349,1.772777367,1.74243257,1.991044283,1.780866373,3.656911266,1.567547333,3.716761136,
52,2.120016813,2.123620892,2.087816167,2.098325396,2.093140984,2.139056778,2.610735178,3.300632906,2.106144667,2.016660643,2.088985276,2.16193254,2.247884274,2.148636484,2.288766193,3.407204151,4.694632816,1.825820506,1.911267364,2.099830747,3.155926919,1.891896749,3.242401266,,,,,,,,,1.768812275,1.770926309,1.758407521,1.790984178,1.778455567,1.769794369,1.987582731,1.596208274,3.086791897,1.463045716,3.204879498,
53,2.02978642,2.040811896,2.057470679,2.053702211,2.037080693,2.068777966,2.444796181,3.136860228,1.987008739,1.993869185,1.996298742,2.133786798,2.027629137,2.06266048,2.162064934,3.166704321,4.526086521,1.84238025,1.870355344,2.043167913,2.861055541,1.907344317,3.006798267,,,,,,,,,1.768756127,1.759738803,1.770383239,1.745440722,1.752917624,1.75719521,1.977379251,1.529742014,2.73760041,1.427770984,2.881262326,
54,1.944934702,1.971684599,1.95320704,1.952781177,1.963240242,1.928577113,2.437878084,2.969976616,1.968356299,1.878018045,1.980303407,1.985848117,1.976574063,1.979781961,2.083574748,2.931197929,3.952985239,1.822628677,1.836805367,2.06333077,2.805974197,1.896706104,2.910191345,,,,,,,,,1.750702167,1.802365446,1.767134356,1.759526205,1.754439354,1.752572799,2.012983966,1.483895612,2.772887611,1.403950775,2.921362162,
55,1.959923649,1.933091664,1.901884007,1.941944098,1.89025979,1.88559382,2.338730049,2.975077295,1.906661367,1.883248019,1.885030317,1.947614574,2.002757573,1.925040865,2.058519816,2.984750938,5.033885098,1.781414032,1.838124883,1.999378729,2.571986079,1.850864744,2.717536664,,,,,,,,,1.761503506,1.763216257,1.741343307,1.747793722,1.766523552,1.738499022,2.068252301,1.448951793,2.52502017,1.379372108,2.66499908,
56,1.917217541,1.946839571,1.888843632,1.947222614,1.920541215,1.947310758,2.210545397,2.604924107,1.910512352,1.904238105,1.92500124,1.955308962,1.970043683,1.974969435,2.028179693,2.80719986,4.302698231,1.74740988,1.831618798,1.963966107,2.510247374,1.841472435,2.600410318,,,,,,,,,1.741351676,1.746325541,1.755460382,1.737912512,1.760403943,1.768461132,2.082684755,1.420837784,2.335325289,1.361306703,2.46298008,
57,1.875523043,1.816192865,1.830712867,1.870684552,1.879832101,1.899006629,2.120734501,2.658026838,1.837829566,1.82327342,1.879702067,1.853548479,1.911903596,1.864114857,2.063141489,2.663492584,3.556151295,1.792611039,1.857461357,1.949322569,2.409582663,1.861292827,2.421880507,,,,,,,,,1.754695034,1.758226442,1.722929573,1.751719737,1.768931532,1.778146768,2.384441948,1.393971789,2.183936834,1.343347085,2.299320173,
58,1.867324948,1.859968424,1.847752476,1.84260819,1.899357033,1.809183884,2.150035286,2.496071768,1.831553626,1.862525702,1.869589019,1.870114708,1.867590094,1.822982597,1.984115219,2.737761402,7.500070095,1.734783626,1.841925764,1.9562832,2.324017167,1.856234491,2.367195892,,,,,,,,,1.746690822,1.740580225,1.753599739,1.758295369,1.739793611,1.75075326,2.581273556,1.373196709,2.066093802,1.325295556,2.170341063,
59,1.813490987,1.883089137,1.802302289,1.828709865,1.87238698,1.838356066,2.042096114,2.453460264,1.81152091,1.80250802,1.861319494,1.820670295,1.839410329,1.828846288,2.003310657,2.489645481,3.109823751,1.755317652,1.793886113,1.970720887,2.16018095,1.862548268,2.237011814,,,,,,,,,1.751989603,1.744989371,1.764075232,1.748477936,1.755753589,1.770066404,2.834848833,1.350968492,1.969867134,1.311430681,2.063445473,
60,1.799412251,1.76083498,1.778637433,1.831233001,1.756289196,1.729338622,2.028486872,2.360186434,1.820247006,1.748681188,1.832587004,1.841931772,1.756085014,1.782133389,1.85978241,2.458205462,3.140570116,1.708287799,1.763840151,1.901029849,2.099968874,1.788539863,2.150111675,,,,,,,,,1.759756684,1.740290356,1.724284172,1.748695254,1.749970055,1.745560122,2.264942217,1.329418004,1.887911427,1.293221176,1.973032451,
61,1.873400259,1.820338345,1.788007164,1.809275889,1.81041398,1.823180604,2.159400368,2.574961472,1.851140404,1.826411724,1.874082613,1.851408315,1.788307261,1.786789227,1.958039165,2.512824297,2.846199512,1.734056962,1.82215147,1.975080431,2.052785718,1.856463826,2.082068598,,,,,,,,,2.119054747,2.198549652,2.218248844,2.263887548,2.211028051,2.340261316,3.815098572,1.308538353,1.821776843,1.277252531,1.898128319,
62,1.775276446,1.772338247,1.77804327,1.769265461,1.816480517,1.751811385,1.964208317,2.396976089,1.755524373,1.748771596,1.792967272,1.802778673,1.734841108,1.763698339,1.821003318,2.436045694,2.682661867,1.696693933,1.774573302,1.884175241,2.005451035,1.818319666,2.074502409,,,,,,,,,2.179256296,2.151035094,2.142821646,2.131089187,2.142239857,2.230546236,3.87637682,1.291177118,1.75938766,1.261729372,1.832305074,
63,1.777320504,1.726047516,1.721793246,1.775251865,1.754144621,1.760143089,1.969479322,2.284427118,1.804751873,1.726060271,1.764204836,1.820286107,1.7794837,1.739026356,1.813646126,2.509003878,2.601170969,1.736053824,1.727477062,1.869341564,1.97789824,1.825481904,2.048263168,,,,,,,,,2.022436714,2.105177402,2.060363674,2.008956528,2.01550343,2.085044527,3.332685566,1.272506678,1.711330032,1.249031484,1.777055538,
64,1.780308342,1.808773518,1.760186672,1.796044326,1.762625217,1.717166257,1.960362196,2.281848335,1.767004395,1.752438116,1.817486501,1.772765946,1.8070158,1.76072762,1.889191794,2.273282099,2.827232075,1.694250226,1.782299638,1.894937217,1.930657566,1.762832296,1.980040956,,,,,,,,,1.92609427,1.953582835,2.020851111,2.039635539,1.944510126,2.030734873,3.101820803,1.255831838,1.660473824,1.230694211,1.722433257,
65,1.78493638,1.783421707,1.7581321,1.809473777,1.748634672,1.715652275,2.04001224,2.289547634,1.725133157,1.754753947,1.761130953,1.755142784,1.766872072,1.812586617,1.865398717,2.266926479,2.688582468,1.667476225,1.735178578,1.84766947,1.923038292,1.753009713,1.923383641,,,,,,,,,1.946498942,1.950179267,1.895681119,1.906462622,1.957191896,1.987383723,2.903547907,1.237560415,1.622045028,1.215860903,1.675451291,
66,1.775009632,1.753995466,1.743184328,1.758243251,1.709737802,1.750355887,2.090040874,2.309904385,1.751038361,1.736975026,1.761901712,1.796833968,1.71063292,1.762205052,1.76300807,2.37466445,2.549330997,1.686256945,1.739627588,1.87261039,1.910270178,1.807911468,1.897118759,,,,,,,,,1.852320242,1.947685742,1.921320748,1.904417539,1.893678021,1.971991444,2.762685108,1.222092521,1.58399303,1.203861439,1.634186828,
67,1.717291188,1.720282221,1.79089725,1.676110268,1.71146946,1.762277246,1.984141517,2.233136177,1.765261579,1.762538218,1.683022642,1.741756749,1.754569602,1.766399884,1.886831141,2.283863115,2.627439404,1.688504279,1.731491315,1.90171895,1.893210995,1.779679394,1.912448514,,,,,,,,,1.793795681,1.862341189,1.840454602,1.892019653,1.830761194,1.907154131,2.755644321,1.207526827,1.548874223,1.19093821,1.594861007,
68,1.6884166,1.677577734,1.696220636,1.710764241,1.671708012,1.668003106,1.922620463,2.157811213,1.681786466,1.690640807,1.725237536,1.705248904,1.651927519,1.714922404,1.741224837,2.241143036,2.492289448,1.676661885,1.715928698,1.843695331,1.854288101,1.712507641,1.883344507,,,,,,,,,1.813747787,1.856241012,1.829661632,1.833066559,1.86256156,1.902314281,2.591242266,1.190732431,1.517564666,1.174618924,1.558644187,
69,1.701618028,1.743819213,1.746481824,1.722844768,1.727283788,1.674492049,1.963042283,2.143030262,1.775246072,1.725564575,1.796691918,1.726000738,1.697946787,1.712325525,1.750500631,2.297973967,2.512108088,1.685854268,1.73546927,1.874891961,1.819366252,1.766111994,1.856245458,,,,,,,,,1.772884464,1.838906145,1.882226801,1.805387592,1.780976033,1.824496651,2.586225128,1.176412141,1.487373328,1.162243354,1.526898539,
70,1.70408361,1.700656247,1.694071937,1.678482962,1.704862261,1.721608734,1.835976696,2.229054785,1.702467513,1.685141134,1.691901708,1.737299323,1.683953238,1.702713585,1.764228344,2.213712788,2.422901869,1.650635624,1.692686939,1.853853989,1.829223931,1.719789052,1.862460756,,,,,,,,,1.846893096,1.755141854,1.787923408,1.788020587,1.749619317,1.809936261,2.564390326,1.160659945,1.458504832,1.14863373,1.495920563,
71,1.689589429,1.709293389,1.703379822,1.7220752,1.67234807,1.789268947,2.017460704,2.126680136,1.700061965,1.714008999,1.716343093,1.70807786,1.680647397,1.663160729,1.799916005,2.18269124,2.380896616,1.654747927,1.696783102,1.809226453,1.809428537,1.736591029,1.866439867,,,,,,,,,1.740348625,1.807052636,1.811136246,1.864123702,1.802668524,1.791467166,2.385353184,1.147725356,1.432544672,1.134006572,1.466934979,
72,1.728668809,1.746758747,1.688308692,1.686859798,1.683610082,1.670505619,1.870314646,2.245179033,1.700416613,1.702944684,1.700737524,1.685436964,1.708593702,1.734770203,1.752156949,2.119175553,2.369941902,1.662727451,1.693840122,1.820216298,1.817037058,1.790300763,1.799407661,,,,,,,,,1.802318025,1.784502268,1.810527635,1.804017186,1.776057649,1.77782197,2.4940588,1.129942083,1.407426178,1.120140541,1.436930323,
73,1.682058406,1.732129216,1.655950952,1.667128015,1.685778356,1.731938052,1.986852407,2.204830527,1.732602715,1.697779179,1.734874344,1.746575665,1.650961256,1.814548826,1.819812107,2.142262721,2.478474092,1.642245042,1.682497692,1.843448842,1.806997633,1.727841675,1.769114137,,,,,,,,,1.790569496,1.782014465,1.824161839,1.788660812,1.816901851,1.812129426,2.462798071,1.118126094,1.382266867,1.106317425,1.410987639,
74,1.66771369,1.644191432,1.679631186,1.667044616,1.665804148,1.610947847,1.847154737,2.129115772,1.625521779,1.667076015,1.671718931,1.670605993,1.679653525,1.65731988,1.699286938,2.238634253,2.397243261,1.64311136,1.675704038,1.81284492,1.755218232,1.740782213,1.769975793,,,,,,,,,1.754335165,1.717425728,1.784275198,1.808008122,1.751090217,1.736133385,2.426447392,1.102091646,1.35983609,1.093199372,1.386703336,
75,1.650743937,1.679548883,1.647361231,1.691441083,1.603311396,1.657377648,1.858712196,2.177809095,1.689984846,1.635975313,1.684603715,1.638712549,1.618887854,1.612697053,1.72973876,2.173267221,2.339919233,1.628139234,1.679970241,1.783085787,1.760151255,1.781315362,1.762516809,,,,,,,,,1.757645059,1.750323176,1.823063016,1.745616531,1.790271497,1.876460624,2.342611265,1.089440346,1.336674607,1.077846444,1.364027357,
76,1.657085705,1.700253558,1.649071026,1.735454559,1.679692864,1.681945252,1.952831984,2.118965578,1.700159883,1.66484561,1.677481818,1.648248291,1.674883771,1.706694412,1.701565266,2.046411872,2.321532154,1.62249732,1.655929339,1.765621161,1.736206686,1.727341759,1.743208456,,,,,,,,,1.752308083,1.729029846,1.771311831,1.781984591,1.720512819,1.764270997,2.285772038,1.073101783,1.315514445,1.063987172,1.338234091,
77,1.691937852,1.674550176,1.637556219,1.687031484,1.630333042,1.665430093,1.825092244,2.135091352,1.645061493,1.693212891,1.687686563,1.674962449,1.654582644,1.678095078,1.779002094,2.091992474,2.447846365,1.591097629,1.699456465,1.789723694,1.737230933,1.690551627,1.76778363,,,,,,,,,1.729476857,1.74253242,1.7441993,1.70450983,1.731420517,1.741192031,2.262163115,1.061737788,1.299005759,1.053624296,1.317165065,
78,1.696418142,1.664947891,1.653562379,1.652780938,1.668790007,1.660261583,1.825320983,2.151309633,1.67636888,1.674881935,1.636833477,1.627028561,1.774439263,1.699085331,1.691045308,2.334615636,2.320022726,1.63780849,1.69354229,1.823073268,1.737529445,1.711358392,1.797235096,,,,,,,,,1.709570479,1.712970352,1.7938586,1.751421213,1.732418561,1.747369814,2.164835739,1.045036399,1.277959895,1.038999295,1.296339738,
79,1.663025498,1.674199224,1.63117044,1.695746589,1.680088067,1.650456691,1.837133932,2.095582724,1.67290678,1.707571745,1.708263683,1.679156923,1.634810615,1.72539897,1.722880793,2.055692482,2.155096388,1.574746048,1.666211963,1.732407665,1.721158195,1.734924626,1.737507546,,,,,,,,,1.763213825,1.670482731,1.719306302,1.648760009,1.67777226,1.782166862,2.36492126,1.028805113,1.258748424,1.024920523,1.274295354,
80,1.702757812,1.661384344,1.639779115,1.639142227,1.677906322,1.652073717,1.835520482,2.111022425,1.620833969,1.670602703,1.695469427,1.704058003,1.68469913,1.650926781,1.733959961,2.015338612,2.18761282,1.621692359,1.683176196,1.780302346,1.700064898,1.682861626,1.73123163,,,,,,,,,1.697455907,1.658358312,1.703818345,1.653469181,1.672486758,1.698778391,2.296745014,1.014393574,1.240465915,1.011139083,1.255295455,
81,1.666165185,1.622400475,1.670947862,1.610913992,1.667361546,1.647747254,1.774507785,2.091981006,1.647833037,1.690432382,1.642555046,1.656146741,1.617702222,1.66531682,1.702761745,2.02230556,2.446235418,1.589963806,1.651773393,1.755179513,1.710080194,1.70022825,1.755637026,,,,,,,,,1.674060845,1.635119295,1.672105193,1.649013448,1.651189351,1.682214522,2.173936415,1.002541673,1.222730792,0.9961786985,1.233274519,
82,1.600495577,1.599128413,1.605226326,1.647630143,1.623396111,1.571933365,1.822765589,2.052144456,1.580054641,1.65514214,1.6442132,1.581766319,1.596695781,1.641959357,1.706100273,1.998563695,2.262189913,1.61780194,1.598854971,1.748573577,1.700253034,1.66914798,1.696088767,,,,,,,,,1.693257976,1.689899039,1.720584416,1.68321898,1.718440819,1.707936692,2.406866217,0.9882053494,1.202540851,0.9842129111,1.213203311,
83,1.615530038,1.628771973,1.661884928,1.631596541,1.623774505,1.655276871,1.882699513,1.983064604,1.641306233,1.649384093,1.616819668,1.635190392,1.60696516,1.634951901,1.711802173,2.129021764,2.225186563,1.591068566,1.668539536,1.703461826,1.67426132,1.709731495,1.703417003,,,,,,,,,1.702353525,1.657592416,1.699114871,1.64410646,1.65040884,1.681981969,2.239061594,0.9730723083,1.189471722,0.9692911088,1.196500123,
84,1.610432458,1.603315306,1.621518612,1.631224799,1.594376707,1.597497201,1.818023849,2.196613955,1.614031577,1.624888396,1.610186791,1.591134739,1.648536825,1.608496237,1.63613348,1.922372055,2.12388134,1.595024943,1.638615561,1.720553982,1.685768867,1.68524369,1.685986567,,,,,,,,,1.649937344,1.676060677,1.669780087,1.664036655,1.65791111,1.730466032,2.119701934,0.959569627,1.169852889,0.9559905767,1.174771726,
85,1.653774428,1.593625188,1.603801799,1.679592347,1.611314964,1.572867894,1.833900762,1.952313995,1.607563353,1.640911579,1.652122784,1.64570694,1.629306149,1.630212021,1.619159365,2.023275638,2.147607636,1.576189232,1.663900268,1.725366414,1.691761816,1.683413088,1.692436695,,,,,,,,,1.638635468,1.641319966,1.66794281,1.616852522,1.630205441,1.69086175,2.113537598,0.9419155538,1.151452219,0.9380684316,1.154966378,
86,1.605841637,1.637658834,1.569582081,1.589174819,1.611339211,1.576324916,1.737708068,1.864673257,1.578009343,1.649985886,1.643296027,1.584981799,1.601742005,1.611687016,1.692669916,1.926509285,2.268343592,1.579511023,1.637273204,1.741294014,1.64726789,1.652191472,1.657273042,,,,,,,,,1.659239006,1.666741538,1.688832355,1.620912361,1.615386033,1.663250089,2.134008956,0.929031527,1.135244954,0.9263866842,1.136076772,
87,1.649306965,1.591531706,1.593491817,1.643811464,1.565149164,1.620348978,1.751673245,2.012525105,1.612942719,1.641239882,1.600606203,1.620877004,1.604403806,1.586609626,1.703362417,1.919106174,2.207907391,1.596403003,1.620241165,1.692442298,1.695142508,1.679291618,1.659006262,,,,,,,,,1.69590292,1.63803134,1.717527032,1.663968658,1.639813995,1.657826471,2.025793529,0.9121848941,1.11659776,0.9068800271,1.117043889,
88,1.604739308,1.585359168,1.589320564,1.644792557,1.618174624,1.596797705,1.787830758,2.01140089,1.588562655,1.617166352,1.628351498,1.611766672,1.680326414,1.581919312,1.659393263,2.115459228,2.110456896,1.561118877,1.609148788,1.715747511,1.663433516,1.667697155,1.683492625,,,,,,,,,1.625132418,1.626984072,1.677125287,1.586287928,1.595566154,1.645721269,2.04789257,0.8978592575,1.103376365,0.8983822703,1.100528955,
89,1.600416994,1.597359014,1.608834553,1.58473568,1.59701159,1.55041101,1.687813783,1.948509288,1.568215966,1.62136457,1.584627414,1.599454165,1.561555648,1.567366838,1.598086262,1.992758083,2.245824194,1.563180375,1.592170846,1.737714648,1.645350659,1.676289189,1.656256843,,,,,,,,,1.649811864,1.605686426,1.670747972,1.602554917,1.6577842,1.653743196,2.201750469,0.8804763973,1.084226692,0.8817631662,1.078987145,
90,1.548671842,1.554908752,1.576640391,1.573562026,1.547361207,1.568034196,1.678556848,1.958459544,1.570742178,1.557427549,1.597763371,1.563689017,1.573215652,1.606332684,1.590850019,1.879726076,2.057241416,1.538036346,1.603619587,1.739700544,1.617366159,1.676820624,1.672018516,,,,,,,,,1.64433229,1.603495383,1.65173974,1.623118019,1.612161589,1.648270226,1.996473908,0.8672410309,1.068350506,0.8678280234,1.061956322,
91,1.549514747,1.594939613,1.572488952,1.55797627,1.524493122,1.575375891,1.728253484,1.883305502,1.550777125,1.639532518,1.571161079,1.597964525,1.567686439,1.565245318,1.593948483,1.901520753,2.147705865,1.559940124,1.619701886,1.688485658,1.641939986,1.669436407,1.649246216,,,,,,,,,1.63833344,1.606661987,1.64022274,1.646402597,1.627677751,1.647626162,2.059572411,0.8537030876,1.055098128,0.8510923862,1.043826866,
92,1.577612877,1.592396832,1.596477818,1.60838542,1.579095221,1.559615064,1.697439837,1.91797688,1.589084458,1.569585347,1.609694958,1.601770496,1.572521162,1.573098683,1.605367398,1.897401643,2.160678482,1.552820158,1.595912862,1.758457959,1.614549494,1.615805554,1.674412549,,,,,,,,,1.613356757,1.553475666,1.585470057,1.58362875,1.566771245,1.620514441,2.125268602,0.836016649,1.036159319,0.8347031772,1.024256933,
93,1.592475843,1.578757882,1.589534593,1.578995657,1.613689756,1.548245144,1.676703787,1.907639575,1.592444324,1.582610297,1.589527297,1.64318552,1.593762684,1.567501521,1.634675026,1.998921943,2.03152678,1.549096358,1.592377269,1.68454138,1.624952793,1.632357049,1.623622656,,,,,,,,,1.557735801,1.533318901,1.580289316,1.571227479,1.616850495,1.581617093,1.941544771,0.8223900199,1.01989485,0.8203929126,1.004577363,
94,1.599635363,1.573867869,1.553415227,1.607322431,1.560650206,1.577265978,1.661002541,1.935800672,1.6039253,1.56110754,1.583551168,1.568088913,1.607183862,1.562465429,1.555063415,1.89046073,2.006780148,1.55295577,1.599892998,1.677906394,1.598914909,1.639115405,1.616240096,,,,,,,,,1.648564196,1.63228991,1.680652571,1.569238091,1.618946505,1.603781033,2.097223258,0.8049764097,1.003384829,0.803282398,0.9859046698,
95,1.595171762,1.560060525,1.549354243,1.555932951,1.55618372,1.554971123,1.648346782,1.908356118,1.615241861,1.572834015,1.594260931,1.597152615,1.532341266,1.532468629,1.589930868,1.852000117,2.030479836,1.553343034,1.595307422,1.707493055,1.609550583,1.61671654,1.633398736,,,,,,,,,1.580885887,1.580035734,1.609499264,1.614705253,1.56070385,1.613182235,2.076783586,0.7902643859,0.9881354511,0.7897843838,0.966874969,
96,1.53759346,1.535164261,1.539435887,1.529104567,1.536789322,1.513588238,1.634077239,1.858787346,1.555471063,1.575421834,1.602753425,1.528758502,1.53371067,1.505980349,1.545617294,1.876025677,1.986039901,1.514208257,1.590409613,1.686768425,1.570917404,1.657907343,1.598120141,,,,,,,,,1.582177544,1.574249744,1.627650785,1.578523445,1.592257071,1.615219069,2.052901936,0.7742343307,0.9750999689,0.7686081529,0.9473136663,
97,1.520091629,1.569312882,1.518023419,1.54934063,1.547391748,1.543236303,1.703245187,1.833396769,1.51876564,1.587627006,1.540201211,1.543387008,1.540353441,1.513059187,1.567032743,1.864374232,2.068294787,1.5014184,1.593617761,1.65326426,1.594533527,1.630897367,1.616645253,,,,,,,,,1.557415795,1.585817075,1.588433957,1.559454322,1.593587375,1.594368076,1.9462749,0.7554872632,0.9548568904,0.7581750274,0.9317514598,
98,1.539396167,1.515068984,1.526066756,1.527904868,1.53532691,1.53591063,1.652390265,1.835871911,1.534933043,1.523517394,1.524570775,1.527827811,1.498394275,1.539964557,1.559039545,1.807486463,1.980465174,1.540768456,1.600501931,1.70662744,1.58938477,1.668800378,1.599936223,,,,,,,,,1.565140629,1.540084314,1.570647144,1.533179617,1.551274991,1.509475303,1.866171741,0.7388645887,0.9419993699,0.738498044,0.9114230633,
99,1.537049389,1.576430535,1.51645062,1.54101882,1.523944855,1.519746876,1.633922744,1.86384201,1.552282691,1.566991711,1.550025797,1.522368598,1.575789547,1.538104773,1.558934498,1.839276671,1.96001215,1.516919005,1.5726897,1.687692904,1.557715094,1.638137269,1.603788924,,,,,,,,,1.613245392,1.548019052,1.605391002,1.594993758,1.552826452,1.546275377,1.896826863,0.7237153113,0.9254746497,0.7244852781,0.8930005968,
100,1.54673841,1.542241359,1.526565003,1.507418132,1.530956864,1.518889165,1.607496715,1.876457,1.553724122,1.576328039,1.52851882,1.567133212,1.553514194,1.539057088,1.560452795,1.771442246,2.004570627,1.526498306,1.563888669,1.653389025,1.582731354,1.630860925,1.598044336,,,,,,,,,1.555007577,1.554892898,1.593669987,1.540619922,1.593249059,1.594422841,1.933393621,0.7102379799,0.9088465929,0.7045013189,0.8739461482,
101,1.550067425,1.549915981,1.561934042,1.55407393,1.506471133,1.499713659,1.590580153,1.76330533,1.561043286,1.541285872,1.545956063,1.518240738,1.517013955,1.504071856,1.505553174,1.732054138,2.044947195,1.503926229,1.536840773,1.635554171,1.612744439,1.633151352,1.592019415,,,,,,,,,1.536003995,1.564525676,1.555378318,1.534184885,1.558287668,1.549388289,1.913738489,0.6891161859,0.8949552715,0.6871687353,0.8548766971,
102,1.543681955,1.522925639,1.512636948,1.54492929,1.51985085,1.525020337,1.595938301,1.837257576,1.526302147,1.546298051,1.517881489,1.550054264,1.52401123,1.528649378,1.550625229,1.830449963,1.994761276,1.508641732,1.568360412,1.655784738,1.561879516,1.62260052,1.620049059,,,,,,,,,1.55213201,1.54531734,1.562929893,1.51492908,1.515202403,1.524374056,1.831709385,0.6712367833,0.8764291406,0.6709774911,0.8345722914,
103,1.525425744,1.558546591,1.534258437,1.514028025,1.50348804,1.50776608,1.597670293,1.8313766,1.534414721,1.523233533,1.539157629,1.506522059,1.54127419,1.484840989,1.555144572,1.869633508,1.989908361,1.487041342,1.570569813,1.634122801,1.569444728,1.630638301,1.579481006,,,,,,,,,1.538433981,1.537593055,1.519834471,1.553280377,1.536138463,1.528759575,1.838531256,0.6542795837,0.8578725636,0.6519035459,0.8139243245,
104,1.481799078,1.489458227,1.525325108,1.485143518,1.515193176,1.510438609,1.558968353,1.805864072,1.507000685,1.544513941,1.519758224,1.48348527,1.504016376,1.478900099,1.488045526,1.765805316,2.006315184,1.510062802,1.566196787,1.683081365,1.564335299,1.605043495,1.567235339,,,,,,,,,1.5088727,1.531396604,1.544096661,1.520592666,1.499365497,1.525437427,1.900732017,0.6385916114,0.8434445381,0.6317853749,0.7970840454,
105,1.546507215,1.533363843,1.51334753,1.522340345,1.521703696,1.481341147,1.56985445,1.760273814,1.532688546,1.533260798,1.54252069,1.50224371,1.537409234,1.483151531,1.57121501,1.719541955,1.937900424,1.487793326,1.539787841,1.66787591,1.60049895,1.618690681,1.576173365,,,,,,,,,1.518361163,1.494123435,1.531111503,1.482533503,1.523819184,1.519830918,1.749007082,0.6150540829,0.8278518796,0.6149682105,0.776913017,
106,1.493235993,1.489321494,1.487575054,1.507067895,1.476913285,1.458171034,1.552344203,1.754042315,1.547738218,1.508029985,1.514314771,1.479313874,1.496108961,1.51301167,1.477249455,1.745259857,1.989169645,1.497220933,1.520928979,1.646610713,1.566833472,1.61572448,1.569770193,,,,,,,,,1.506963849,1.497835708,1.54090023,1.508760571,1.541499233,1.515006638,1.840507817,0.5984348834,0.8100026309,0.5996228635,0.7567252576,
107,1.49436245,1.486881971,1.522617149,1.462898636,1.477832747,1.483711171,1.551250744,1.74297123,1.501413155,1.497513413,1.506284761,1.492215252,1.495474792,1.470307636,1.510039806,1.788087225,1.859172845,1.476300991,1.511140466,1.638029933,1.55564518,1.592671573,1.548616385,,,,,,,,,1.536676455,1.52720902,1.532991123,1.490545201,1.532212853,1.522133946,1.824684787,0.5777553737,0.795729059,0.5783166945,0.7377266705,
108,1.506436157,1.49648478,1.507625079,1.499603176,1.485265946,1.486481786,1.538769603,1.762510633,1.519511485,1.499919558,1.506358004,1.485656452,1.482168436,1.481149101,1.479346633,1.763518524,2.023535705,1.502752149,1.547896075,1.628225231,1.574516106,1.596379066,1.575228274,,,,,,,,,1.497086406,1.509093761,1.514471245,1.47977879,1.488673472,1.491770673,1.922182298,0.5614961088,0.7771893084,0.5583832026,0.7178215563,
109,1.483044839,1.489265728,1.482295728,1.478194809,1.436459684,1.495184183,1.526911759,1.733102942,1.514706063,1.508697367,1.508193898,1.472881699,1.452978516,1.466930985,1.481184292,1.715864897,1.935507989,1.472342515,1.53553853,1.631460893,1.542649162,1.589448667,1.535691059,,,,,,,,,1.491892481,1.488215876,1.507001591,1.522062778,1.506367946,1.478622484,1.836589408,0.5444679797,0.7633616269,0.5372766435,0.6978063405,
110,1.483764338,1.486172223,1.500884557,1.466173649,1.477395225,1.467299509,1.502914619,1.729172707,1.520696831,1.479253983,1.510481453,1.474439144,1.490404034,1.485021496,1.493867183,1.727319264,2.018742585,1.463999176,1.560619903,1.634481096,1.595075846,1.623816705,1.556105554,,,,,,,,,1.547815371,1.512700272,1.518272758,1.501142144,1.480309916,1.498290968,1.731157899,0.5230755031,0.7435666382,0.5190660655,0.6737316012,
111,1.493001342,1.483400893,1.512001634,1.482046986,1.48858161,1.480669785,1.485781741,1.717078543,1.509124875,1.501081491,1.481040287,1.467262459,1.458467126,1.484175444,1.467945933,1.802060509,1.960057902,1.463989341,1.547074282,1.634115875,1.565492404,1.588918185,1.55497992,,,,,,,,,1.499230456,1.461331677,1.491944289,1.455575061,1.490243959,1.448345757,1.777689719,0.5051336318,0.7268497288,0.5023053944,0.6523829639,
112,1.451565766,1.486421752,1.481964254,1.443008447,1.457574368,1.448996353,1.496098924,1.752377677,1.513837314,1.470790768,1.473044944,1.478696656,1.470067024,1.471903467,1.468507791,1.645797133,1.894169307,1.468931377,1.534214199,1.629381502,1.556412721,1.579649246,1.542724967,,,,,,,,,1.480073404,1.455019784,1.491687918,1.451324606,1.479721189,1.505921173,1.854501033,0.4841555327,0.7081721902,0.4819894671,0.6305020809,
113,1.479441786,1.491466999,1.477402163,1.465003467,1.445012903,1.460040665,1.517710471,1.698775148,1.502181053,1.496451569,1.484064126,1.438050866,1.473916817,1.460679007,1.470675802,1.653314447,1.859818459,1.458406901,1.530287886,1.641769588,1.518612826,1.600692832,1.534206581,,,,,,,,,1.50538106,1.474571538,1.498026299,1.473802567,1.497511864,1.465399218,1.778848195,0.4638043135,0.6925375044,0.4597925812,0.6114165485,
114,1.473434424,1.492506194,1.487469792,1.478839159,1.467533898,1.460904455,1.507582545,1.697476673,1.491284537,1.488736224,1.463412237,1.484523225,1.472098756,1.471898842,1.485761881,1.6590451,1.892625999,1.464966524,1.514445865,1.612284553,1.537912166,1.593006539,1.564901686,,,,,,,,,1.455689788,1.479670382,1.51484971,1.494250393,1.477092767,1.468079615,1.744688058,0.4488333434,0.6759941936,0.4435017377,0.5885775805,
115,1.463431787,1.494205284,1.514854169,1.483020091,1.478599024,1.469595051,1.520519543,1.700923491,1.518187928,1.497672606,1.475743079,1.474323535,1.440036368,1.465068531,1.479225516,1.6421278,1.878207183,1.443356323,1.520087707,1.609490228,1.515262747,1.580090225,1.537859178,,,,,,,,,1.495418048,1.469566965,1.526478624,1.463140297,1.48411572,1.451816845,1.737128496,0.4272817582,0.6577045202,0.4202715516,0.5712177634,
116,1.455287528,1.4840801,1.469997954,1.450371528,1.449136186,1.430560637,1.485553908,1.670330048,1.501298213,1.446260071,1.496120095,1.489635324,1.486296415,1.449023533,1.440470314,1.675216317,1.886245537,1.4647843,1.507395458,1.626216257,1.523845482,1.59528172,1.53752439,,,,,,,,,1.483242226,1.457904029,1.487989593,1.453479409,1.464051461,1.462736106,1.737215281,0.407138297,0.6444961727,0.400034979,0.5485701025,
117,1.483793855,1.476927304,1.479568577,1.471318388,1.461649895,1.460661602,1.472550726,1.700147367,1.535952568,1.461357331,1.47528019,1.466138077,1.493211365,1.469558692,1.466481471,1.676070571,1.905893469,1.447113216,1.520431519,1.62863431,1.554706466,1.628997338,1.544836307,,,,,,,,,1.479819989,1.451053929,1.489771199,1.45554378,1.478471899,1.472634625,1.738150477,0.3893783927,0.6216441005,0.3811706871,0.5242448926,
118,1.485933208,1.455871916,1.481725001,1.486856937,1.456168532,1.454336929,1.468571115,1.65924964,1.5208987,1.48682847,1.480423355,1.463795996,1.450061703,1.447127342,1.466144133,1.622122431,1.907983136,1.438795173,1.520047891,1.600636208,1.517395985,1.596749425,1.530759406,,,,,,,,,1.460818267,1.436345983,1.455278683,1.448601532,1.441281223,1.436644292,1.721882701,0.3698714525,0.6058742583,0.3634095013,0.501572001,
119,1.461309743,1.46549263,1.479111862,1.456827927,1.449149156,1.422843957,1.484364343,1.689798307,1.502272677,1.477526045,1.472606301,1.429145956,1.443710971,1.469666243,1.43058784,1.635167575,1.945873404,1.450727582,1.526776135,1.590590131,1.534328783,1.623682916,1.558570552,,,,,,,,,1.490630722,1.450269151,1.464118004,1.449142385,1.457191443,1.45684104,1.708933067,0.3505027354,0.5843389094,0.3441853583,0.4794173747,
120,1.43317225,1.478215885,1.452702045,1.439944291,1.437627006,1.446889114,1.446599364,1.694292641,1.493503404,1.455123782,1.46133287,1.461354804,1.451891875,1.438945103,1.436376286,1.63262527,1.88462441,1.451216269,1.52238338,1.588260555,1.490422761,1.585273278,1.538784945,,,,,,,,,1.46015234,1.420122313,1.488215041,1.432737064,1.460407948,1.418134975,1.708637309,0.3293940127,0.5720824063,0.3232427508,0.4585508794,
121,1.446858358,1.465546393,1.465963292,1.454309869,1.435069013,1.461454463,1.437544966,1.71630969,1.505173564,1.482247949,1.443271232,1.439533091,1.433091331,1.438261986,1.438356233,1.609033465,1.893458152,1.446833324,1.512319863,1.60623039,1.511746347,1.595900834,1.548016322,,,,,,,,,1.455077648,1.443916345,1.450840807,1.447752476,1.440880966,1.425414324,1.702413416,0.3121508658,0.5531841934,0.3051571876,0.4345142871,
122,1.433743167,1.462135696,1.486066556,1.436125922,1.42081883,1.423528433,1.43116467,1.67616992,1.484266353,1.461153007,1.444592357,1.41198926,1.430907536,1.441506028,1.423033905,1.629739809,1.90001812,1.451196885,1.510997438,1.604091561,1.505106318,1.604561961,1.544110417,,,,,,,,,1.439638233,1.43128736,1.454457045,1.441940069,1.43526783,1.444896078,1.714045334,0.2929154634,0.5373922646,0.2859255105,0.4174263805,
123,1.446985102,1.475570512,1.46399343,1.435912752,1.44900167,1.439158297,1.416738939,1.679469895,1.491670442,1.459490943,1.450115323,1.431253505,1.441476083,1.44090085,1.458689976,1.606630754,1.988672256,1.453290129,1.51886003,1.592316878,1.520407987,1.599457753,1.539588737,,,,,,,,,1.451983905,1.428042436,1.455221391,1.423851633,1.451278067,1.437086535,1.676862121,0.275106138,0.5183253229,0.2679769576,0.3937943786,
124,1.421324015,1.445582628,1.464144588,1.427725554,1.435211825,1.440651298,1.442786789,1.666213655,1.48779583,1.442979026,1.432158065,1.432579231,1.423732996,1.434709549,1.417609477,1.608727264,1.881191254,1.429829049,1.508313084,1.603116262,1.536528385,1.600373507,1.549342656,,,,,,,,,1.42283926,1.405462861,1.441109371,1.426893282,1.436710262,1.408979964,1.677217817,0.2602880612,0.5028511077,0.2513058469,0.375297749,
125,1.420356846,1.460160255,1.461656547,1.425206685,1.415196681,1.401827407,1.437448859,1.677477527,1.46439538,1.456285501,1.44416151,1.421644664,1.433040047,1.439656496,1.430778503,1.605540419,1.871728086,1.428149748,1.497164047,1.611973536,1.505631936,1.588529074,1.550933802,,,,,,,,,1.430702734,1.414618707,1.431082058,1.426212692,1.452934647,1.425966239,1.669351459,0.2419932261,0.4850060016,0.235343422,0.353073144,
126,1.437248731,1.451460624,1.451653385,1.452691078,1.430846262,1.439353132,1.443127871,1.669973278,1.500385952,1.451798701,1.436117959,1.423189902,1.428872252,1.430342054,1.41598053,1.596597481,1.893290019,1.427085435,1.503180313,1.595830512,1.501818037,1.613378668,1.539092326,,,,,,,,,1.440256786,1.412115908,1.419228077,1.407373643,1.432558942,1.406757164,1.656763005,0.2267236128,0.4680581212,0.2187603623,0.3325971097,
127,1.418912649,1.447477961,1.457887173,1.429417253,1.426147747,1.425318241,1.442447281,1.67147553,1.496364951,1.448233056,1.434055877,1.42386477,1.442748094,1.416520882,1.413870239,1.629477501,1.868220901,1.427449369,1.504142177,1.590349877,1.505405045,1.591568053,1.542023623,,,,,,,,,1.413770127,1.420753407,1.434042668,1.410417104,1.420585155,1.406561518,1.659566355,0.2110630006,0.4527503848,0.2029086888,0.3142221451,
128,1.421440029,1.439267921,1.44395864,1.417958498,1.4222363,1.406643486,1.428617716,1.690715194,1.490801191,1.446622062,1.408901978,1.400738573,1.412592578,1.423192167,1.41545651,1.588703394,1.878625941,1.432877374,1.499492121,1.593965709,1.505312049,1.597649574,1.550916219,,,,,,,,,1.400453782,1.403953457,1.428266335,1.398184061,1.424136043,1.393377066,1.643738818,0.1977915019,0.4362812191,0.1879261807,0.2932326227,
129,1.422173738,1.442791033,1.46134305,1.427211046,1.418439293,1.412333965,1.412049341,1.652529407,1.484048104,1.450423646,1.430901766,1.413198686,1.424238014,1.420746803,1.412131572,1.598818421,1.881105399,1.438809812,1.484723699,1.590427339,1.516079533,1.593266797,1.558304787,,,,,,,,,1.425710177,1.413217235,1.434782791,1.40784111,1.42510798,1.410711479,1.673470807,0.1837603286,0.4225711912,0.1752254978,0.2765619755,
130,1.437898874,1.445686674,1.436333251,1.414120054,1.425852013,1.420099378,1.415431547,1.68348999,1.490067601,1.443475175,1.427241468,1.413666081,1.414137053,1.415702534,1.417948961,1.588876224,1.89091692,1.422586465,1.49763099,1.596948755,1.502760017,1.594730198,1.554377818,,,,,,,,,1.438255191,1.419502306,1.417806268,1.396737123,1.417282581,1.39801693,1.688140965,0.1706574053,0.4060088545,0.1616137251,0.2591429502,
131,1.418172836,1.4423172,1.446554255,1.424461317,1.419281697,1.431235981,1.430485153,1.651816225,1.484349918,1.448963833,1.42922802,1.404063106,1.427827883,1.436230469,1.408716011,1.591232228,1.886607146,1.431311071,1.497194147,1.589823186,1.505406487,1.59222908,1.560687661,,,,,,,,,1.420102191,1.400243926,1.426801848,1.409794092,1.435243177,1.393316865,1.660664415,0.1591063693,0.3916787833,0.1510416493,0.2443477213,
132,1.414981294,1.4326967,1.453668809,1.426039481,1.429448652,1.404758644,1.405374122,1.671685171,1.481629753,1.432811785,1.418080497,1.391989684,1.415285969,1.41890347,1.391145611,1.588237262,1.901975012,1.418095708,1.493100941,1.58616339,1.510634983,1.604620409,1.554196858,,,,,,,,,1.423375487,1.399504399,1.436864281,1.399853611,1.409889364,1.401782799,1.658659387,0.1485988796,0.3776550055,0.1408703491,0.2304553345,
133,1.423305988,1.431789994,1.447378254,1.42543416,1.414389062,1.409252286,1.410545707,1.69425137,1.479851604,1.445807552,1.427080059,1.411484814,1.411564302,1.434713936,1.402186966,1.589951825,1.915529728,1.42663188,1.501444721,1.578314137,1.492097676,1.5864977,1.563096344,,,,,,,,,1.407088208,1.397727346,1.419163656,1.411205006,1.411000133,1.387058163,1.672163081,0.1390552282,0.3655974284,0.1321063437,0.2142385006,
134,1.431890535,1.440017414,1.436885238,1.41806469,1.439450169,1.41394403,1.422667098,1.692272043,1.49113636,1.453316212,1.432285476,1.409848785,1.423885918,1.430348539,1.417051053,1.605380964,1.932219958,1.426302004,1.499522531,1.595791566,1.498558688,1.5938007,1.556990123,,,,,,,,,1.425174046,1.39802773,1.429389334,1.397624111,1.417693448,1.391946149,1.672453213,0.131225165,0.3518607467,0.1197776362,0.2022851571,
135,1.423679447,1.438961768,1.446176171,1.417986584,1.424886012,1.411192155,1.410799503,1.694718575,1.484949756,1.440565252,1.417682028,1.385553002,1.425229359,1.426509666,1.392324209,1.588259029,1.914632893,1.420883667,1.49084419,1.586221588,1.489977431,1.588303363,1.560507858,,,,,,,,,1.415840054,1.388063574,1.418230295,1.379402804,1.395222926,1.380586672,1.680719924,0.1223531812,0.3406433702,0.1126980431,0.1904340237,
136,1.407623219,1.434375763,1.440681434,1.42158246,1.426186657,1.399318194,1.415224671,1.685602951,1.48237226,1.442463899,1.425140405,1.395886731,1.408599758,1.42020638,1.393887806,1.595540071,1.926907396,1.425692177,1.482244289,1.58550055,1.510769725,1.583087981,1.577959836,,,,,,,,,1.411032987,1.383530903,1.422411275,1.386109233,1.401954031,1.386420298,1.675218797,0.1149765767,0.3306213588,0.104979413,0.179370898,
137,1.425359917,1.444282079,1.448947453,1.416237807,1.425273561,1.417629123,1.426317096,1.687149191,1.491569328,1.457662749,1.424046683,1.404578257,1.422741437,1.432338428,1.392390895,1.605666375,1.923822451,1.428784966,1.489510584,1.591652954,1.513081527,1.588208437,1.581146634,,,,,,,,,1.409311604,1.39307394,1.403037572,1.389114618,1.397958899,1.379107046,1.664118576,0.1090361372,0.3186274439,0.09866549373,0.166512005,
138,1.429063654,1.445868421,1.442740917,1.419040871,1.425454926,1.417207813,1.418087506,1.694511104,1.489649057,1.441946363,1.428004646,1.393771029,1.421094728,1.419343042,1.400047255,1.602252197,1.938668156,1.423337555,1.482582164,1.581625056,1.497483742,1.59329567,1.574726093,,,,,,,,,1.415873933,1.392089128,1.428894186,1.392042351,1.409437776,1.391247606,1.676822066,0.1040310338,0.3050691545,0.09314631745,0.1577456474,
139,1.41671288,1.440482903,1.454459548,1.429488373,1.42841537,1.416542602,1.410109997,1.685685468,1.492927647,1.446605396,1.426681852,1.400660515,1.413313627,1.432543325,1.40620985,1.614899111,1.966392159,1.43134284,1.485349357,1.585526574,1.501476431,1.591292477,1.564791822,,,,,,,,,1.403767467,1.382077932,1.404693151,1.392024398,1.404597688,1.376222062,1.675555801,0.09810294807,0.2966525525,0.08903550357,0.1489015266,
140,1.428703523,1.447023964,1.453366947,1.414021564,1.425941706,1.399597764,1.42630465,1.7122679,1.486588335,1.449271965,1.430016565,1.399424171,1.424253201,1.431765294,1.40222578,1.604431629,1.950099683,1.427329409,1.484781396,1.574206054,1.495387745,1.586167216,1.566918468,,,,,,,,,1.409232593,1.405688,1.415718389,1.39985559,1.419054055,1.388318491,1.689135098,0.09306372926,0.2886679262,0.08467719257,0.1412622407,
141,1.424802041,1.446574163,1.442054868,1.430378699,1.434317088,1.407101035,1.409950042,1.699936724,1.484897137,1.45428164,1.416213393,1.404987168,1.417932487,1.420702696,1.398934889,1.601332784,1.96422689,1.433897877,1.484987676,1.582444704,1.517957687,1.598003864,1.576915205,,,,,,,,,1.403809285,1.39107542,1.424361968,1.390492415,1.408638024,1.376884866,1.68556838,0.08907451257,0.2784532174,0.07984591797,0.1343325198,
142,1.425189853,1.443927169,1.457142258,1.430368066,1.432908201,1.416106462,1.422435856,1.701027274,1.504410744,1.449281955,1.436931825,1.410525489,1.430564809,1.429275846,1.40882175,1.613587976,1.962651062,1.434947026,1.485919559,1.58030622,1.495652103,1.596124113,1.587544513,,,,,,,,,1.416845536,1.396095395,1.41019454,1.398331332,1.413975167,1.385732532,1.705693531,0.08626171425,0.2672515705,0.07624505535,0.1277293772,
143,1.430593634,1.443598342,1.458329344,1.4309479,1.437331557,1.423988032,1.421993923,1.710395718,1.497209072,1.453878093,1.422046661,1.414377761,1.420506501,1.426871943,1.40004797,1.617311358,1.981295824,1.427914858,1.476337802,1.57926079,1.494703972,1.595522702,1.57262255,,,,,,,,,1.410549641,1.409077263,1.417344952,1.404643273,1.414762282,1.386062598,1.698835468,0.083850611,0.259788204,0.07387816012,0.1231870048,
144,1.412568307,1.442502785,1.441939425,1.423383188,1.426777172,1.413370037,1.432487965,1.698005462,1.491330576,1.451093435,1.425923276,1.395379019,1.416285849,1.421197319,1.388083363,1.614141965,1.986689782,1.421828043,1.481952107,1.577869606,1.491478312,1.600184667,1.579220331,,,,,,,,,1.416008472,1.407905149,1.426606536,1.389361429,1.418985772,1.377310014,1.699427414,0.08047403023,0.2514305711,0.07040149495,0.1171250708,
145,1.429064965,1.445736122,1.451587796,1.426475501,1.436207557,1.408701158,1.433007455,1.716053653,1.499126196,1.454100537,1.438797879,1.400154042,1.42500875,1.426233149,1.400789046,1.621138549,1.981438923,1.42716136,1.488310993,1.590472305,1.505792308,1.590499425,1.581714821,,,,,,,,,1.414453864,1.402527022,1.42236526,1.403734088,1.4094769,1.390401721,1.714149737,0.07789840624,0.2442517348,0.0690336626,0.1132845722,
146,1.435463929,1.448265648,1.463298082,1.436020947,1.438566184,1.423672748,1.435317397,1.726989317,1.502922821,1.459120059,1.445202708,1.41949594,1.432118583,1.430981874,1.41097486,1.63084147,1.992926073,1.426847017,1.491645396,1.582344401,1.50475564,1.594533312,1.589285541,,,,,,,,,1.413492608,1.399977422,1.425046039,1.394023776,1.417640781,1.387275815,1.709767938,0.07556061074,0.2354786828,0.06653315201,0.1096986756,
147,1.442550135,1.450609899,1.461731195,1.426334023,1.438157535,1.433275461,1.447747207,1.713252831,1.499641752,1.461405563,1.446117139,1.401363802,1.43184824,1.437738276,1.41136632,1.627653551,2.002439308,1.431121409,1.48696413,1.584687388,1.508522379,1.597263741,1.590456212,,,,,,,,,1.431416535,1.405393076,1.428750014,1.409567213,1.411666846,1.395092535,1.716237044,0.07396100387,0.2289832778,0.0649702698,0.107092192,
148,1.43562417,1.462216234,1.467493439,1.434485841,1.439363432,1.425857854,1.431562996,1.733492756,1.50662086,1.477138209,1.456955218,1.410569,1.433269,1.435904503,1.409757161,1.633817101,2.020210695,1.429785919,1.485624528,1.583665562,1.525258291,1.603970611,1.594439793,,,,,,,,,1.42085247,1.394357681,1.432698178,1.401891327,1.418191576,1.401598954,1.723995781,0.07243169099,0.222543171,0.06336087361,0.1032814048,
149,1.432044005,1.450331593,1.465611506,1.428805041,1.433760881,1.422203922,1.43682363,1.735464191,1.49817605,1.462415314,1.438778734,1.424462223,1.424372077,1.443722486,1.408220029,1.63505466,2.008654833,1.438149369,1.489226854,1.586846089,1.49599967,1.601011229,1.597531545,,,,,,,,,1.423213935,1.406288052,1.426716423,1.404650307,1.413016295,1.395216775,1.729676151,0.07205661386,0.2162839793,0.06285073645,0.1010174036,
150,1.446604204,1.459018207,1.466837525,1.426643038,1.441478515,1.427036762,1.448016167,1.737834024,1.510077333,1.474384379,1.445562935,1.421952438,1.428286695,1.436908865,1.41042192,1.653743291,2.025616241,1.428690255,1.493950725,1.584868121,1.508829391,1.602438772,1.595984125,,,,,,,,,1.435403132,1.410617232,1.439759302,1.406344032,1.421839499,1.401763964,1.737776089,0.07029094622,0.2097002864,0.06116204113,0.100476227,