/home/miura/lab/KD-hdas/results/stat/20layer-analogLRreset/loss/search_stage_KD_cifar100_SEARCHEVALnoDL_s5-relaxEval-LRreset_tb.csv,/home/miura/lab/KD-hdas/results/stat/20layer-analogLRreset/loss/search_stage_KD_cifar100_SEARCHEVALnoDL_s9-relaxEval-LRreset_tb.csv,/home/miura/lab/KD-hdas/results/stat/20layer-analogLRreset/loss/search_stage_KD_cifar100_SEARCHEVALnoDL_s3-relaxEval-LRreset_tb.csv,/home/miura/lab/KD-hdas/results/stat/20layer-analogLRreset/loss/search_stage_KD_cifar100_SEARCHEVALnoDL_s8-relaxEval-LRreset_tb.csv,/home/miura/lab/KD-hdas/results/stat/20layer-analogLRreset/loss/search_stage_KD_cifar100_SEARCHEVALnoDL_s1-relaxEval-LRreset_tb.csv,/home/miura/lab/KD-hdas/results/stat/20layer-analogLRreset/loss/search_stage_KD_cifar100_SEARCHEVALnoDL_s6-relaxEval-LRreset_tb.csv,/home/miura/lab/KD-hdas/results/stat/20layer-analogLRreset/loss/search_stage_KD_cifar100_SEARCHEVALnoDL_s2-relaxEval-LRreset_tb.csv,/home/miura/lab/KD-hdas/results/stat/20layer-analogLRreset/loss/search_stage_KD_cifar100_SEARCHEVALnoDL_s4-relaxEval-LRreset_tb.csv,/home/miura/lab/KD-hdas/results/stat/20layer-analogLRreset/loss/search_stage_KD_cifar100_SEARCHEVALnoDL_s7-relaxEval-LRreset_tb.csv,/home/miura/lab/KD-hdas/results/stat/20layer-analogLRreset/loss/search_stage_KD_cifar100_SEARCHEVALnoDL_s0-relaxEval-LRreset_tb.csv,row_average
4.000174522399902,3.957252740859986,4.051557540893555,3.9760775566101074,3.953711748123169,4.054100036621094,4.030368328094482,3.9122297763824463,4.057671546936035,4.050742149353027,4.004388594627381
3.7164812088012695,3.7038495540618896,3.734606504440308,3.8152151107788086,3.723167657852173,3.984682321548462,3.8152143955230713,3.752248525619507,3.7412972450256343,3.687596321105957,3.767435884475708
3.632459878921509,3.5239503383636475,3.5725185871124268,3.479612350463867,3.559581995010376,3.5950868129730225,3.614768505096436,3.441113233566284,3.615032434463501,3.44539475440979,3.547951889038086
3.324251890182495,3.369612216949463,3.3201515674591064,3.33092999458313,3.4891343116760254,3.3248538970947266,3.3734421730041504,3.360309362411499,3.432567596435547,3.246554136276245,3.3571807146072388
3.3276233673095703,3.1749753952026367,3.219476222991944,3.195755958557129,3.2048451900482178,3.256588697433472,3.170491933822632,3.191176414489746,3.2199926376342773,3.093576192855835,3.205450201034546
3.0325815677642822,3.059826135635376,3.061594247817993,3.018195867538452,3.108327388763428,3.07643461227417,3.03591251373291,3.069467544555664,3.067636728286743,2.9633049964904785,3.04932816028595
2.925377368927002,2.9539780616760254,2.885453462600708,2.935828924179077,2.963543653488159,2.948448419570923,2.995347738265991,2.9159066677093506,2.9806222915649414,2.799277305603028,2.9303783893585207
2.861355781555176,2.881251096725464,2.802969217300415,2.775322437286377,2.881425380706787,2.784740686416626,2.9154062271118164,2.8153107166290283,2.858021974563598,2.7751834392547607,2.835098695755005
2.800831794738769,2.7250776290893555,2.7034387588500977,2.731400489807129,2.8307576179504395,2.7693889141082764,2.716501474380493,2.7330989837646484,2.8362462520599365,2.63307785987854,2.7479819774627687
2.6413536071777344,2.639853239059448,2.6236889362335205,2.6003377437591557,2.6521570682525635,2.672868251800537,2.6727254390716557,2.7328431606292725,2.662802219390869,2.642287492752075,2.654091715812683
2.629045009613037,2.5280277729034424,2.554260015487671,2.6665849685668945,2.616827726364136,2.5489652156829834,2.758150339126587,2.574992656707764,2.6388111114501958,2.520735740661621,2.603640055656433
2.524576425552368,2.4128262996673584,2.4550535678863525,2.575526237487793,2.523303508758545,2.519663095474243,2.6621804237365723,2.5141143798828125,2.4477381706237797,2.550637722015381,2.5185619831085204
2.448500633239746,2.337636709213257,2.4689722061157227,2.4720027446746826,2.485707998275757,2.4381887912750244,2.4280285835266118,2.446125268936157,2.447784185409546,2.3434767723083496,2.4316423892974854
2.3927481174468994,2.392096281051636,2.44972562789917,2.3235747814178467,2.4421393871307373,2.383587121963501,2.419685840606689,2.354701519012451,2.3504319190979004,2.307846069335937,2.381653666496277
2.302393913269043,2.2509305477142334,2.2923476696014404,2.371936798095703,2.37465763092041,2.3162121772766118,2.3314194679260254,2.317183017730713,2.361504077911377,2.261458396911621,2.3180043697357178
2.319056510925293,2.301734685897827,2.265988111495972,2.3189072608947754,2.2799198627471924,2.285682916641236,2.381508111953736,2.3569414615631104,2.2817368507385254,2.2016921043396,2.2993167877197265
2.2789089679718018,2.2451817989349365,2.2584118843078613,2.234187364578247,2.236654281616211,2.2116549015045166,2.208129644393921,2.242868423461914,2.1861822605133057,2.21120548248291,2.2313385009765625
2.267686128616333,2.139493465423584,2.2216622829437256,2.1678788661956787,2.18104887008667,2.2037549018859863,2.241114616394043,2.279827833175659,2.220627546310425,2.220556735992432,2.2143651247024536
2.206167697906494,2.1666860580444336,2.1253812313079834,2.1694936752319336,2.124852418899536,2.150510549545288,2.195958375930786,2.2137253284454346,2.108005285263061,2.064922332763672,2.152570295333862
2.1405746936798096,2.1872341632843018,2.064159154891968,2.1259520053863525,2.104553699493408,2.178752422332764,2.12000036239624,2.217357873916626,2.1253998279571533,2.1981239318847656,2.146210813522339
2.117115020751953,2.053402900695801,2.1953442096710205,2.0732994079589844,2.157924175262451,2.107698917388916,2.173912286758423,2.06287145614624,2.1248326301574707,2.071601867675781,2.113800287246704
2.098379850387573,2.109205722808838,2.111827850341797,2.100517749786377,2.0648112297058105,2.06318473815918,2.119128942489624,2.0659995079040527,2.1158580780029297,2.0451388359069824,2.0894052505493166
2.088981866836548,2.0199782848358154,2.035939693450928,2.0756139755249023,2.1279869079589844,2.093968391418457,2.078588485717773,2.113600730895996,2.0224769115448,2.084484100341797,2.0741619348526
2.1246178150177,2.054329395294189,2.034226894378662,2.018789529800415,2.0592129230499268,1.991754412651062,2.0984928607940674,2.070826530456543,2.037543773651123,2.025235414505005,2.0515029549598696
2.0218238830566406,1.9820066690444944,2.0470144748687744,2.041411638259888,1.9839578866958616,1.9858523607254028,2.0532960891723637,2.047743558883667,2.002715826034546,2.021361351013184,2.0187183737754824
1.9825985431671145,1.957828402519226,2.039275646209717,1.9753738641738887,1.9819157123565676,2.025202751159668,1.9704991579055784,2.00793981552124,2.0562636852264404,1.9871060848236084,1.998400366306305
2.016910552978516,1.960561156272888,2.042374610900879,1.9982402324676516,2.0280892848968506,2.009437322616577,1.9979064464569087,2.0093119144439697,2.0122108459472656,2.218600273132324,2.029364264011383
1.9971027374267576,2.0169942378997803,2.012107610702514,1.9787906408309937,1.972188234329224,1.9723576307296755,2.0260467529296875,1.995894193649292,1.973091006278992,1.9683082103729248,1.9912881255149841
2.041006326675415,2.089385986328125,2.055060386657715,2.0398592948913574,1.9983948469161987,1.9809818267822263,1.98921811580658,1.9718210697174072,1.9776095151901243,1.959485650062561,2.010282301902771
1.9296095371246336,1.9430798292160036,2.074042797088623,1.9570130109786987,1.950403451919556,1.8953158855438232,1.991145372390747,2.0235700607299805,1.96372389793396,2.009976387023926,1.9737880229949951
1.9826539754867556,1.9752559661865237,1.9836238622665403,1.9310781955718996,2.02146577835083,1.9876930713653564,1.955563187599182,2.0635571479797363,1.9623149633407595,1.963619828224182,1.9826825976371765
1.92070734500885,2.0275347232818604,1.9417545795440676,1.948498010635376,1.9381405115127563,2.0117337703704834,1.997784972190857,1.915266990661621,2.0193119049072266,2.0544567108154297,1.9775189518928529
1.9659029245376587,1.9489281177520752,1.985981583595276,2.0220909118652344,1.898000717163086,1.945953130722046,2.016720056533813,2.090564012527466,1.9432202577590945,2.143000602722168,1.9960362315177917
1.9534683227539065,1.9423496723175049,1.9755704402923584,2.0112173557281494,1.9284536838531492,2.0698461532592773,2.0241973400115967,2.023993730545044,1.9554117918014529,1.9624122381210327,1.9846920728683473
2.020420551300049,1.9606751203536987,1.941786289215088,2.008276462554932,1.9860185384750368,1.9834717512130735,1.9750797748565676,1.9697401523590088,2.049760103225708,1.934967041015625,1.9830195784568787
1.943828821182251,1.9164464473724363,2.0143041610717773,1.9013313055038448,1.9590097665786743,1.98384952545166,1.9876272678375244,1.8975144624710083,1.916291356086731,1.9819459915161133,1.9502149105072022
1.965046763420105,1.964198112487793,1.9538354873657229,1.9552310705184937,1.9113616943359373,1.945486307144165,1.97817862033844,2.0004587173461914,2.0126280784606934,1.9488615989685056,1.9635286450386047
1.888546586036682,1.99994957447052,1.9043941497802732,2.0276646614074707,2.085739850997925,1.9493536949157717,1.9948151111602783,1.9533312320709229,1.9067761898040767,1.9674086570739744,1.9677979707717896
2.01130485534668,1.9158509969711304,1.910888671875,1.9207336902618408,2.0146775245666504,1.9635982513427732,2.0254063606262207,1.931317925453186,1.963770031929016,1.9824550151824951,1.9640003323554993
1.88765549659729,1.9674596786499023,1.862028956413269,1.9239723682403564,2.0093319416046143,1.9376784563064573,1.9802613258361816,1.9656060934066768,1.88993775844574,1.9692648649215696,1.9393196940422057
1.968083143234253,1.990824818611145,1.935996532440185,1.9511964321136477,2.036613941192627,1.983620047569275,1.964298248291016,2.011828184127808,1.9363418817520144,1.9353446960449217,1.9714147925376893
2.0263490676879883,1.9591015577316284,2.1263020038604736,1.8554623126983645,1.907547950744629,1.9021207094192505,1.940682053565979,1.886670470237732,1.9964157342910769,1.992614984512329,1.959326684474945
1.969736933708191,1.937138080596924,1.943652629852295,1.954046607017517,1.8674650192260744,1.920511245727539,2.013767957687378,1.951549768447876,1.8994572162628172,1.923187613487244,1.9380513072013854
1.991440773010254,1.9340330362319944,1.980961799621582,1.9278266429901123,1.968212842941284,1.9394090175628664,2.0046541690826416,1.9157602787017824,2.0747320652008057,1.9459867477416992,1.968301737308502
2.067695140838623,1.9176239967346191,1.9938048124313357,1.8706672191619875,1.9794646501541135,1.9569754600524905,1.9445916414260864,1.9232802391052248,2.065584659576416,1.992611050605774,1.971229887008667
1.9596197605133057,1.8821828365325928,1.9222432374954224,1.9120464324951167,1.9818490743637085,1.8713358640670776,1.898468852043152,1.9945619106292725,1.922563076019287,1.9665716886520384,1.9311442732810975
1.9508453607559204,1.9775201082229612,1.9524139165878296,1.9704484939575195,1.9550275802612305,1.9701412916183472,1.953478574752808,2.00095009803772,1.902893304824829,1.9404058456420896,1.9574124574661256
2.027750968933105,1.9093167781829836,1.9477355480194087,1.8805971145629885,1.934627890586853,2.0415568351745605,1.999274492263794,1.94815731048584,2.016979455947876,1.9827311038970947,1.9688727498054504
1.929184079170227,1.9269520044326784,1.9487621784210205,1.9844155311584477,1.9699960947036743,2.0083508491516118,1.95954704284668,1.8753830194473269,1.952632188796997,1.9815425872802732,1.9536765575408936
1.943358421325684,1.9011389017105105,1.9084677696228027,1.9068500995635984,1.9986921548843384,2.0377323627471924,1.9733977317810056,1.9081449508666992,1.94150185585022,2.037772417068481,1.9557056665420531
1.982119917869568,2.12082839012146,1.968644380569458,1.923994064331055,1.872499704360962,1.9983363151550293,1.968010425567627,1.933867335319519,1.905977964401245,1.8878589868545528,1.9562137484550477
1.943525433540344,1.943408727645874,1.7565747499465942,1.8449665307998655,1.912465214729309,1.8685295581817627,2.05786681175232,1.8272408246994016,1.9450502395629885,1.819339394569397,1.8918967485427856
1.999384522438049,2.116710901260376,1.8352274894714355,1.9714539051055908,1.7795628309249878,1.932173490524292,1.806541323661804,1.90396249294281,1.8819228410720823,1.8465033769607544,1.9073443174362184
2.0415427684783936,1.8780142068862915,1.9216126203536987,1.892807960510254,1.880666971206665,1.8202111721038816,1.885956168174744,1.8622088432312007,1.9351885318756104,1.8488517999649048,1.8967061042785645
1.8227462768554688,1.880968689918518,1.7558379173278809,1.9520258903503416,1.832619786262512,1.927537560462952,1.850447654724121,1.7988507747650146,1.8880976438522337,1.7995152473449707,1.8508647441864015
1.8386048078536987,1.7680470943450928,1.7973552942276,1.822484016418457,1.8254611492156985,2.01163387298584,1.818929433822632,1.8728392124176023,1.824806928634644,1.8345625400543213,1.8414724349975586
1.7545820474624634,1.863819122314453,1.9294513463974,1.9405072927474976,2.014004230499268,1.8460228443145752,1.8337163925170896,1.8357700109481807,1.7672017812728882,1.827853202819824,1.861292827129364
1.7550125122070312,1.9748018980026243,1.9270941019058228,1.8437970876693728,1.7690078020095823,1.88694429397583,1.944629192352295,1.7520112991333008,1.8635029792785645,1.8455437421798704,1.8562344908714294
1.8004674911499023,1.8331196308135984,1.9234458208084104,1.8432520627975464,1.7613425254821775,1.817049264907837,2.0038001537323,1.9350577592849727,1.800028920173645,1.9079190492630005,1.8625482678413392
1.855111837387085,1.941520094871521,1.7656073570251465,1.867089867591858,1.70057475566864,1.7477327585220337,1.810551404953003,1.7251226902008057,1.7453936338424685,1.7266942262649536,1.7885398626327516
1.7704969644546509,1.841035842895508,1.7796355485916138,2.002047061920166,1.7636536359786987,1.815514087677002,2.0430808067321777,1.8302748203277588,1.8777140378952024,1.841185450553894,1.8564638257026673
1.776788592338562,1.856642723083496,1.7925536632537842,1.7606499195098877,1.789979338645935,1.82414972782135,1.7465124130249023,1.8484832048416135,1.8749864101409912,1.912450671195984,1.8183196663856507
1.796888828277588,1.6961647272109983,1.9181839227676392,1.8431246280670168,1.7155357599258425,1.7099030017852783,1.7797787189483645,1.816449522972107,2.116868019104004,1.8619219064712524,1.825481903553009
1.784022092819214,1.8140352964401243,1.7551590204238892,1.7561050653457642,1.713711142539978,1.826921224594116,1.7220778465270996,1.839082717895508,1.7068150043487549,1.7103935480117798,1.7628322958946228
1.733309984207153,1.7878488302230835,1.6766983270645142,1.7379897832870483,1.7841894626617432,1.8427475690841677,1.7581480741500854,1.7837402820587158,1.6978721618652344,1.7275526523590088,1.7530097126960755
1.7719327211380005,1.8104394674301147,1.645590901374817,1.71934175491333,1.8207777738571167,1.6946958303451538,1.815058350563049,1.8943333625793457,1.8949041366577148,2.012040376663208,1.807911467552185
1.710781455039978,1.7767434120178225,1.6719118356704712,1.7371567487716677,1.7034435272216797,1.7954742908477783,1.873530387878418,2.0032918453216557,1.7892006635665894,1.735259771347046,1.7796793937683106
1.7355493307113647,1.78069806098938,1.6914019584655762,1.7228219509124756,1.7094537019729614,1.6266745328903198,1.7203211784362793,1.6777771711349487,1.679053783416748,1.7813247442245483,1.7125076413154603
1.8877445459365845,1.7772941589355469,1.7243340015411377,1.7833995819091797,1.7457599639892578,1.7733405828475952,1.744318962097168,1.7525501251220703,1.7398459911346436,1.732532024383545,1.7661119937896728
1.7031511068344116,1.8590022325515747,1.6528615951538086,1.7557462453842163,1.657706379890442,1.714923858642578,1.7260998487472534,1.7182904481887815,1.6663856506347656,1.7437231540679932,1.7197890520095824
1.7520885467529297,1.7250107526779177,1.678974986076355,1.7174464464187622,1.847194075584412,1.7096824645996094,1.7850055694580078,1.7538665533065796,1.7208341360092163,1.675806760787964,1.7365910291671753
1.940736532211304,1.7119879722595217,1.9287350177764893,1.6798734664916992,1.7338637113571167,1.7721563577651978,1.7564209699630735,1.89388370513916,1.7251847982406616,1.760165095329285,1.790300762653351
1.71961772441864,1.6460559368133545,1.7054051160812378,1.724231481552124,1.6733258962631226,1.807191610336304,1.7502700090408323,1.686137557029724,1.6767908334732056,1.8893905878067017,1.7278416752815247
1.8497545719146729,1.7970019578933716,1.6626814603805542,1.6662989854812622,1.7140573263168335,1.7041741609573364,1.7915589809417725,1.667560577392578,1.8296246528625488,1.7251094579696655,1.7407822132110595
1.8088228702545168,1.7904036045074463,1.674919366836548,1.860204577445984,1.7338595390319824,1.7528572082519531,1.879911422729492,1.7160247564315796,1.869632601737976,1.726517677307129,1.7813153624534608
1.721190333366394,1.7789181470870972,1.7220741510391235,1.7403531074523926,1.681854486465454,1.6778687238693235,1.751139760017395,1.726903200149536,1.6433836221694946,1.829732060432434,1.7273417592048645
1.7871912717819214,1.6799145936965942,1.6664271354675293,1.613892912864685,1.7045526504516602,1.6405868530273438,1.6498517990112305,1.7429383993148804,1.701290726661682,1.718869924545288,1.6905516266822815
1.6719121932983398,1.7721078395843506,1.7417662143707275,1.742789626121521,1.6380695104599,1.6616095304489136,1.7324175834655762,1.6129069328308103,1.79971444606781,1.7402900457382202,1.7113583922386169
1.763535737991333,1.7589665651321411,1.7040117979049685,1.665655255317688,1.8152800798416135,1.664790153503418,1.7582449913024902,1.7437947988510132,1.700302004814148,1.7746648788452148,1.7349246263504028
1.6712971925735474,1.7481286525726318,1.658780813217163,1.681950926780701,1.6595466136932373,1.657137751579285,1.6372003555297852,1.6722711324691772,1.722112774848938,1.7201900482177734,1.6828616261482239
1.822137713432312,1.82019317150116,1.6853538751602173,1.6833707094192505,1.69046151638031,1.6485772132873535,1.71580970287323,1.6307379007339478,1.58630633354187,1.719334363937378,1.700228250026703
1.5953375101089478,1.6943737268447876,1.6085281372070312,1.6579270362854004,1.6930596828460691,1.6423300504684448,1.7328088283538818,1.693814992904663,1.730929255485535,1.642370581626892,1.6691479802131652
1.6084967851638794,1.6672346591949463,1.615421175956726,1.7085002660751345,1.7219719886779783,1.7047717571258545,1.8046592473983765,1.7836036682128906,1.768308162689209,1.714347243309021,1.7097314953804017
1.6421098709106443,1.6643785238265991,1.7062774896621704,1.7110134363174438,1.6680952310562134,1.600963115692139,1.6744143962860107,1.6585084199905396,1.6244319677352903,1.902244448661804,1.6852436900138854
1.749447226524353,1.7030988931655884,1.6754817962646484,1.6973859071731567,1.700485110282898,1.7437413930892944,1.6539818048477173,1.603935718536377,1.5828441381454468,1.723728895187378,1.6834130883216858
1.596052646636963,1.7014305591583252,1.7022438049316406,1.6639060974121094,1.5800145864486694,1.6716796159744265,1.6315412521362305,1.6283460855484009,1.6641610860824585,1.682538986206055,1.6521914720535278
1.7349365949630735,1.7324442863464355,1.5630306005477903,1.6591627597808838,1.6146605014801023,1.6450685262680054,1.7476707696914673,1.6149084568023682,1.6838197708129885,1.7972139120101929,1.6792916178703308
1.7769981622695925,1.6592732667922974,1.5955636501312256,1.755229353904724,1.6746604442596436,1.7234992980957031,1.6965701580047607,1.5763503313064575,1.622201919555664,1.5966249704360962,1.6676971554756164
1.6417475938796997,1.6326738595962524,1.632838487625122,1.7385932207107544,1.629546046257019,1.7906100749969482,1.710049390792847,1.5796359777450562,1.7686926126480105,1.6385046243667605,1.676289188861847
1.705331325531006,1.623902440071106,1.5768407583236694,1.718414068222046,1.5765495300292969,1.5595781803131104,1.6550650596618652,1.698243260383606,1.8017455339431765,1.8525360822677608,1.6768206238746644
1.612402081489563,1.5978422164916992,1.6805554628372192,1.630343675613403,1.6166369915008545,1.6505662202835083,1.6753968000411987,1.6149842739105225,1.7962355613708496,1.819400787353516,1.6694364070892334
1.6004596948623655,1.6402207612991333,1.6008449792861938,1.627643346786499,1.5811235904693604,1.6062113046646118,1.6562778949737549,1.6263974905014038,1.6052683591842651,1.6136081218719482,1.6158055543899537
1.6786919832229614,1.6136136054992676,1.546033263206482,1.6837619543075562,1.6324994564056396,1.6206048727035522,1.6979262828826904,1.5775190591812134,1.5887845754623413,1.6841354370117188,1.6323570489883423
1.6796225309371948,1.5608032941818235,1.618539333343506,1.7419079542160034,1.5943235158920288,1.6425087451934814,1.650837779045105,1.6497087478637695,1.6646989583969116,1.588203191757202,1.6391154050827026
1.5378473997116089,1.5904384851455688,1.6738687753677368,1.5733598470687866,1.562859058380127,1.7129533290863037,1.6722922325134275,1.557482123374939,1.6028897762298584,1.6831743717193604,1.6167165398597718
1.664912223815918,1.6554659605026243,1.5943392515182495,1.6543865203857422,1.6079024076461792,1.6957110166549685,1.6317861080169678,1.6636431217193604,1.7664686441421509,1.6444581747055054,1.6579073429107667
1.5557514429092407,1.7270326614379885,1.591212272644043,1.5893813371658323,1.5672078132629397,1.6904432773590088,1.6698108911514282,1.6417280435562134,1.612431526184082,1.663974404335022,1.6308973670005797
1.70862877368927,1.6277716159820557,1.596837282180786,1.6892335414886477,1.7254374027252195,1.7170103788375854,1.6483135223388672,1.675169825553894,1.6572617292404177,1.6423397064208984,1.668800377845764
1.663293957710266,1.632964849472046,1.6249818801879885,1.635956883430481,1.5944279432296753,1.5929856300354004,1.6142498254776,1.63016676902771,1.641071319580078,1.7512736320495603,1.6381372690200806
1.6352510452270508,1.5761607885360718,1.6473119258880615,1.5615237951278689,1.6803687810897827,1.6650265455245972,1.5714008808135986,1.7847487926483154,1.5810178518295288,1.605798840522766,1.6308609247207642
1.6368613243103027,1.5955320596694946,1.6488194465637207,1.652341604232788,1.675800919532776,1.656182885169983,1.5580350160598757,1.6604264974594116,1.6249018907546997,1.6226118803024292,1.633151352405548
1.572091817855835,1.687092661857605,1.550090193748474,1.6514887809753418,1.596056580543518,1.809056043624878,1.608388900756836,1.5394107103347778,1.5519888401031494,1.660340666770935,1.622600519657135
1.6194978952407837,1.5905550718307495,1.7081149816513062,1.6278650760650637,1.6352232694625854,1.6224721670150757,1.655482292175293,1.6421732902526855,1.6057615280151367,1.5992374420166016,1.630638301372528
1.6626311540603638,1.549485206604004,1.5735129117965698,1.6064847707748413,1.5958614349365234,1.5979546308517456,1.644439697265625,1.5696711540222168,1.6192508935928345,1.6311430931091309,1.6050434947013854
1.61387836933136,1.5884486436843872,1.5148767232894895,1.6282557249069214,1.5845609903335571,1.640169382095337,1.6545244455337524,1.8005412817001345,1.5492291450500488,1.6124221086502075,1.6186906814575195
1.5563889741897583,1.6049686670303345,1.6145402193069458,1.6167207956314087,1.5407567024230957,1.6872968673706057,1.6060577630996704,1.5831938982009888,1.6306198835372925,1.7167010307312012,1.6157244801521302
1.5274360179901123,1.5778074264526367,1.5551751852035522,1.6412358283996582,1.6020150184631348,1.6136656999588013,1.5852552652359009,1.606450080871582,1.578592300415039,1.639082908630371,1.5926715731620789
1.6593631505966189,1.5813443660736084,1.5649874210357666,1.563657522201538,1.6117727756500244,1.633226990699768,1.5662859678268433,1.6159824132919312,1.5675764083862305,1.5995936393737793,1.5963790655136108
1.5846798419952393,1.594435214996338,1.5867714881896973,1.6060497760772705,1.5713566541671753,1.6665699481964111,1.60523784160614,1.5614465475082395,1.5066790580749512,1.6112602949142456,1.589448666572571
1.619064211845398,1.5928033590316772,1.5889058113098145,1.6043874025344849,1.744048237800598,1.6455546617507937,1.6445072889328003,1.666700005531311,1.5633140802383425,1.5688819885253906,1.6238167047500611
1.5927890539169312,1.586026906967163,1.5598406791687012,1.575373888015747,1.6617225408554075,1.557644248008728,1.6718465089797974,1.559066653251648,1.5524486303329468,1.572422742843628,1.58891818523407
1.563430666923523,1.5554323196411133,1.578578233718872,1.575933814048767,1.584560513496399,1.6416600942611694,1.5690205097198486,1.56298565864563,1.5676223039627075,1.5972683429718018,1.5796492457389832
1.578105092048645,1.5730104446411133,1.5740113258361816,1.5645873546600342,1.6470849514007568,1.601436734199524,1.6315090656280518,1.6480705738067627,1.554586410522461,1.6345263719558716,1.60069283246994
1.5755553245544434,1.5601779222488403,1.6211365461349487,1.5721460580825806,1.6035548448562622,1.5706149339675903,1.611293077468872,1.5757083892822266,1.5363962650299072,1.7034820318222046,1.5930065393447876
1.5368924140930176,1.5160106420516968,1.589255690574646,1.5994609594345093,1.6158145666122437,1.5706204175949097,1.601413607597351,1.570177674293518,1.609379529953003,1.591876745223999,1.5800902247428894
1.577720046043396,1.5727158784866333,1.572781324386597,1.5947332382202148,1.5706698894500732,1.5992021560668943,1.572734236717224,1.592495322227478,1.6059954166412354,1.6937696933746338,1.595281720161438
1.6131762266159058,1.6332767009735107,1.6173264980316162,1.6871590614318848,1.625930666923523,1.6509292125701904,1.6330044269561768,1.5639803409576416,1.595259666442871,1.6699305772781372,1.6289973378181457
1.581104755401611,1.513928771018982,1.6144369840621948,1.594916820526123,1.6039286851882937,1.5974078178405762,1.6380023956298828,1.5735270977020264,1.5982707738876345,1.651970148086548,1.5967494249343872
1.6048974990844729,1.5950212478637695,1.639717936515808,1.6026581525802612,1.6129146814346311,1.6258549690246582,1.6477413177490234,1.667516589164734,1.607151985168457,1.6333547830581665,1.6236829161643982
1.616728901863098,1.5356837511062622,1.5620851516723633,1.5758254528045654,1.5882714986801147,1.6237093210220337,1.599491834640503,1.563060998916626,1.565947651863098,1.6219282150268557,1.585273277759552
1.5480709075927734,1.5450607538223269,1.5967847108840942,1.631103515625,1.6495651006698608,1.5919431447982788,1.569092035293579,1.549902081489563,1.6158320903778076,1.661653995513916,1.59590083360672
1.5793553590774536,1.5939865112304688,1.6060632467269895,1.592010736465454,1.5909292697906494,1.6206196546554563,1.6356735229492188,1.600160837173462,1.5664846897125244,1.6603357791900637,1.6045619606971742
1.56932532787323,1.5526329278945925,1.5773074626922607,1.5753051042556765,1.6549012660980225,1.6113841533660889,1.6137512922286987,1.6268914937973022,1.5769296884536743,1.6361488103866575,1.5994577527046203
1.5445388555526731,1.585856556892395,1.5776211023330688,1.6110122203826904,1.6081806421279907,1.5992721319198608,1.6387401819229126,1.632999300956726,1.5574642419815063,1.6480498313903809,1.6003735065460205
1.5637425184249878,1.603721022605896,1.553796887397766,1.5692247152328491,1.552774429321289,1.598065972328186,1.6234022378921509,1.5748602151870728,1.6134850978851318,1.6322176456451416,1.588529074192047
1.5824629068374634,1.5846651792526243,1.555635929107666,1.5724083185195925,1.6291918754577637,1.6315425634384155,1.661449670791626,1.6703253984451294,1.5653403997421265,1.6807644367218018,1.6133786678314208
1.5551655292510986,1.5689390897750854,1.594506025314331,1.5861709117889404,1.604869723320007,1.6515297889709473,1.5982526540756226,1.6046510934829712,1.5479282140731812,1.6036674976348877,1.5915680527687073
1.6047815084457395,1.5584832429885864,1.559013843536377,1.5603023767471311,1.63051438331604,1.619605541229248,1.62597393989563,1.6046324968338013,1.5682185888290403,1.644969820976257,1.5976495742797852
1.5670100450515747,1.575999736785889,1.5637423992156982,1.6007262468338013,1.623310089111328,1.6104748249053955,1.5976650714874268,1.57671058177948,1.559364676475525,1.6576642990112305,1.5932667970657348
1.5690326690673828,1.6267671585083008,1.5724681615829468,1.5748674869537354,1.57977032661438,1.6146937608718872,1.6362985372543335,1.6124229431152344,1.5327582359313965,1.6282227039337158,1.5947301983833313
1.608374834060669,1.561112642288208,1.5869450569152832,1.5748003721237185,1.6036365032196045,1.581647872924805,1.6406307220458984,1.5857775211334229,1.5883753299713137,1.5909899473190308,1.5922290802001953
1.5807119607925415,1.6203306913375854,1.5833730697631836,1.602649450302124,1.5927222967147827,1.6114583015441897,1.6395697593688965,1.6368016004562378,1.5497150421142578,1.6288719177246094,1.6046204090118408
1.5308469533920288,1.5797700881958008,1.5559022426605225,1.6012630462646484,1.573185682296753,1.59410560131073,1.6168853044509888,1.6198750734329224,1.5761255025863647,1.6170175075531006,1.586497700214386
1.5575281381607056,1.5982754230499268,1.5896118879318235,1.5745878219604492,1.5815997123718262,1.5952314138412476,1.6129146814346311,1.5971128940582275,1.5713616609573364,1.6597833633422852,1.593800699710846
1.5373741388320925,1.5567437410354614,1.5842852592468262,1.605536937713623,1.558977484703064,1.6146867275238037,1.653333306312561,1.6015905141830444,1.5581601858139038,1.6123453378677368,1.5883033633232118
1.5573900938034058,1.5991737842559814,1.568393349647522,1.5949763059616089,1.540836215019226,1.602689266204834,1.6120167970657349,1.5611966848373413,1.578497290611267,1.6157100200653076,1.583087980747223
1.5528340339660645,1.5559771060943604,1.592963933944702,1.5962992906570437,1.6151872873306274,1.5975801944732666,1.6254630088806152,1.5597141981124878,1.5541902780532837,1.6318750381469729,1.5882084369659424
1.5740854740142822,1.5877878665924072,1.5679502487182615,1.5728389024734497,1.6140056848526,1.613927960395813,1.6373955011367798,1.5894107818603516,1.5561027526855469,1.6194515228271484,1.5932956695556642
1.5822829008102417,1.5975010395050049,1.5431208610534668,1.5926135778427124,1.5925979614257812,1.579466700553894,1.6652345657348633,1.5870813131332395,1.546377182006836,1.6266486644744873,1.5912924766540528
1.5730276107788086,1.5808361768722534,1.5615785121917725,1.583349347114563,1.615854263305664,1.570917010307312,1.632956862449646,1.58677077293396,1.54609477519989,1.610286831855774,1.5861672163009644
1.562289476394653,1.598721981048584,1.5932036638259888,1.6008093357086182,1.605114459991455,1.6209077835083008,1.6405727863311768,1.5933902263641355,1.545443415641785,1.6195855140686035,1.59800386428833
1.557512879371643,1.5931456089019775,1.563842535018921,1.58163583278656,1.6210315227508545,1.6191074848175049,1.628983974456787,1.5782824754714966,1.588220238685608,1.6294785737991333,1.5961241126060486
1.5696042776107788,1.575016736984253,1.6084966659545898,1.5871278047561646,1.6073271036148071,1.619186520576477,1.606950044631958,1.594630479812622,1.5633940696716309,1.6234933137893677,1.595522701740265
1.5590754747390747,1.594450831413269,1.5802377462387085,1.6062052249908447,1.5875678062438965,1.6229393482208252,1.6354225873947144,1.5998423099517822,1.5643094778060913,1.6517958641052246,1.6001846671104432
1.5736017227172852,1.611022710800171,1.5765033960342407,1.5760797262191772,1.5794823169708252,1.593254327774048,1.6329160928726196,1.5773876905441284,1.589155673980713,1.595590591430664,1.5904994249343871
1.5624520778656006,1.6041046380996704,1.5928442478179932,1.5937020778656006,1.5910884141921997,1.5785540342330933,1.6163572072982788,1.6154006719589231,1.569819450378418,1.6210103034973145,1.5945333123207093
1.5610278844833374,1.580630660057068,1.5929882526397705,1.5856173038482666,1.6142252683639526,1.6136775016784668,1.625022530555725,1.6017197370529177,1.5753734111785889,1.6223548650741575,1.5972637414932251
1.5730446577072144,1.5957268476486206,1.598752737045288,1.5810178518295288,1.5925326347351074,1.6200298070907593,1.632232666015625,1.624245524406433,1.575195550918579,1.646927833557129,1.6039706110954284
1.573484182357788,1.5760895013809204,1.5812644958496094,1.6322205066680908,1.6000665426254272,1.5904641151428225,1.6210370063781738,1.5963101387023926,1.6090962886810305,1.6300795078277588,1.6010112285614013
1.598404884338379,1.600050449371338,1.6014467477798462,1.5887932777404783,1.5946474075317385,1.6430846452713013,1.6014004945755005,1.5801520347595217,1.5785505771636963,1.63785719871521,1.6024387717247008
