/home/miura/lab/KD-hdas/results/stat/20layer/train_loss/search_stage_KD_cifar100_SEARCHEVALnoDL_s5-discreteEval-LRreset_tb.csv,/home/miura/lab/KD-hdas/results/stat/20layer/train_loss/search_stage_KD_cifar100_SEARCHEVALnoDL_s4-discreteEval-LRreset_tb.csv,/home/miura/lab/KD-hdas/results/stat/20layer/train_loss/search_stage_KD_cifar100_SEARCHEVALnoDL_s3-discreteEval-LRreset_tb.csv,/home/miura/lab/KD-hdas/results/stat/20layer/train_loss/search_stage_KD_cifar100_SEARCHEVALnoDL_s1-discreteEval-LRreset_tb.csv,/home/miura/lab/KD-hdas/results/stat/20layer/train_loss/search_stage_KD_cifar100_SEARCHEVALnoDL_s8-discreteEval-LRreset_tb.csv,/home/miura/lab/KD-hdas/results/stat/20layer/train_loss/search_stage_KD_cifar100_SEARCHEVALnoDL_s7-discreteEval-LRreset_tb.csv,/home/miura/lab/KD-hdas/results/stat/20layer/train_loss/search_stage_KD_cifar100_SEARCHEVALnoDL_s0-discreteEval-LRreset_tb.csv,/home/miura/lab/KD-hdas/results/stat/20layer/train_loss/search_stage_KD_cifar100_SEARCHEVALnoDL_s6-discreteEval-LRreset_tb.csv,/home/miura/lab/KD-hdas/results/stat/20layer/train_loss/search_stage_KD_cifar100_SEARCHEVALnoDL_s9-discreteEval-LRreset_tb.csv,/home/miura/lab/KD-hdas/results/stat/20layer/train_loss/search_stage_KD_cifar100_SEARCHEVALnoDL_s2-discreteEval-LRreset_tb.csv,row_average
4.231462001800537,4.248978614807129,4.273375988006592,4.245156288146973,4.26771354675293,4.2677106857299805,4.336612224578857,4.277251720428467,4.256791114807129,4.226536273956299,4.263158845901489
3.809514760971069,3.8089828491210938,3.8590900897979736,3.8827075958251953,3.821781635284424,3.8551082611083984,3.889456033706665,3.871879100799561,3.8624911308288574,3.844506025314331,3.8505517482757567
3.5585083961486816,3.5739376544952397,3.620772838592529,3.635622262954712,3.6188132762908936,3.618263721466065,3.651810646057129,3.630084991455078,3.612823009490967,3.616043329238892,3.6136680126190184
3.3484737873077397,3.3830459117889404,3.4159438610076904,3.4156649112701416,3.433931350708008,3.416984796524048,3.453233003616333,3.4282474517822266,3.4037463665008545,3.4043922424316406,3.4103663682937624
3.177341938018799,3.2256104946136475,3.2356672286987305,3.2336690425872803,3.2684268951416016,3.240114450454712,3.278281688690185,3.2499680519104004,3.229053497314453,3.220792531967163,3.235892581939697
3.01692533493042,3.0579674243927,3.0670557022094727,3.068809509277344,3.1258833408355717,3.082772731781006,3.1101670265197754,3.0851175785064697,3.0711257457733154,3.0460848808288574,3.073190927505493
2.871065855026245,2.911466360092163,2.914571046829224,2.9164464473724365,2.9773709774017334,2.947381496429444,2.9620182514190674,2.954731702804565,2.919119358062744,2.8951308727264404,2.926930236816406
2.7574620246887207,2.774981737136841,2.779407024383545,2.800621271133423,2.8502047061920166,2.824584722518921,2.8300206661224365,2.808699369430542,2.788689613342285,2.787905693054199,2.800257682800293
2.642310380935669,2.654463291168213,2.6635730266571045,2.68391752243042,2.7309603691101074,2.6988675594329834,2.7115445137023926,2.6927309036254883,2.6743505001068115,2.6592776775360107,2.68119957447052
2.532029867172241,2.552858352661133,2.562692165374756,2.567990064620972,2.625504732131958,2.5978658199310303,2.600079298019409,2.5806591510772705,2.5473296642303467,2.554558277130127,2.5721567392349245
2.434147357940674,2.4323770999908447,2.4544460773468018,2.4543042182922363,2.5260539054870605,2.5037283897399902,2.4936654567718506,2.478191375732422,2.4530062675476074,2.4509897232055664,2.4680909872055055
2.3448166847229004,2.3329648971557617,2.354279041290283,2.361881971359253,2.441617727279663,2.393667221069336,2.400718688964844,2.394772529602051,2.361904621124268,2.367292642593384,2.3753916025161743
2.256216287612915,2.251019239425659,2.274381399154663,2.27659273147583,2.354947090148926,2.3109188079833984,2.3214926719665527,2.30289626121521,2.275301456451416,2.2787466049194336,2.2902512550354004
2.1941347122192383,2.167371988296509,2.186284303665161,2.1980695724487305,2.285728454589844,2.2350099086761475,2.221734046936035,2.225646734237671,2.1836516857147217,2.2138187885284424,2.21114501953125
2.108354091644287,2.0819079875946045,2.1174421310424805,2.139021873474121,2.211355447769165,2.1525824069976807,2.1439900398254395,2.154711961746216,2.1174283027648926,2.1334447860717773,2.1360239028930663
2.040993452072144,2.0104787349700928,2.032666683197021,2.0549027919769287,2.1337192058563232,2.080089807510376,2.067943572998047,2.0847008228302,2.0593557357788086,2.067352533340454,2.0632203340530397
1.9704452753067017,1.963621735572815,1.9855858087539675,1.9994919300079343,2.071732521057129,2.018991470336914,2.0188093185424805,2.017322301864624,1.983704686164856,2.000600576400757,2.003030562400818
1.9133983850479128,1.891635179519653,1.921758770942688,1.9332576990127563,2.0113401412963867,1.962175130844116,1.9460183382034304,1.963408708572388,1.9175968170166016,1.9442784786224363,1.940486764907837
1.8660378456115725,1.8335623741149905,1.855233073234558,1.8864846229553225,1.945931315422058,1.9084891080856323,1.8989744186401367,1.9008886814117432,1.8768651485443115,1.8872407674789429,1.8859707355499267
1.808275818824768,1.8005468845367432,1.806309938430786,1.8257591724395752,1.8966976404190063,1.8539516925811768,1.835612773895264,1.845252633094788,1.8158637285232544,1.8461239337921145,1.8334394216537475
1.7553905248641968,1.7466418743133545,1.769949436187744,1.7822940349578855,1.8450243473052976,1.8047820329666135,1.8009116649627686,1.7995128631591797,1.7708845138549805,1.783939003944397,1.7859330296516418
1.71755850315094,1.7065095901489258,1.7250491380691528,1.734812617301941,1.7889182567596436,1.7659287452697754,1.7438479661941528,1.7543565034866333,1.7224617004394531,1.7433152198791504,1.7402758240699767
1.6658005714416504,1.6497564315795898,1.6730560064315796,1.691758155822754,1.7508234977722168,1.7158257961273191,1.699453830718994,1.7217861413955688,1.6785215139389038,1.70737886428833,1.6954160809516907
1.6292365789413452,1.62326979637146,1.6326876878738403,1.6476655006408691,1.7104084491729736,1.6896392107009888,1.6640576124191284,1.67987859249115,1.6382200717926023,1.660033941268921,1.6575097441673279
1.575143575668335,1.5763115882873535,1.5955123901367188,1.6006073951721191,1.6745821237564087,1.6472928524017334,1.6161036491394043,1.63318932056427,1.5969189405441284,1.6230530738830566,1.6138714909553529
1.542155146598816,1.5541486740112305,1.552483081817627,1.5768390893936155,1.6348100900650024,1.600224256515503,1.5885231494903564,1.5905653238296509,1.5666662454605105,1.581827163696289,1.57882422208786
1.5189968347549438,1.5133488178253174,1.5247294902801514,1.53657329082489,1.6059650182724,1.563571810722351,1.5628997087478638,1.5580040216445925,1.528236746788025,1.5517513751983645,1.5464077115058898
1.4916797876358032,1.4720158576965332,1.498978853225708,1.5041526556015017,1.5663832426071167,1.538776993751526,1.5193897485733032,1.5285158157348633,1.497231364250183,1.513463258743286,1.5130587577819825
1.465187430381775,1.4639757871627808,1.4749020338058472,1.4825323820114136,1.5375360250473022,1.520830750465393,1.4886544942855835,1.5023616552352903,1.465145468711853,1.4717044830322266,1.4872830510139465
1.4292367696762085,1.4107582569122314,1.4306193590164185,1.4463937282562256,1.503740310668945,1.482580065727234,1.459132194519043,1.4754714965820312,1.436640739440918,1.452264666557312,1.4526837587356567
1.386399507522583,1.380200982093811,1.4035897254943848,1.4154787063598633,1.4862933158874512,1.4575189352035522,1.4405230283737185,1.4387884140014648,1.4139786958694458,1.4286792278289795,1.4251450538635253
1.3646955490112305,1.360338807106018,1.3798978328704834,1.3832823038101196,1.4394588470458984,1.4355785846710205,1.4080921411514282,1.4075781106948853,1.3827539682388306,1.4057602882385254,1.396743643283844
1.3382419347763062,1.330680251121521,1.3427780866622925,1.3560782670974731,1.4192789793014526,1.3984278440475464,1.367986798286438,1.3826638460159302,1.3607332706451416,1.3690906763076782,1.366595995426178
1.322896122932434,1.321641445159912,1.3203158378601074,1.341217875480652,1.3990626335144043,1.3778687715530396,1.3640551567077637,1.3664767742156982,1.336704969406128,1.336445450782776,1.3486685037612915
1.3122193813323977,1.290698766708374,1.3175979852676392,1.310140609741211,1.376336693763733,1.3496291637420654,1.3329570293426514,1.3335013389587402,1.3184525966644287,1.3167667388916016,1.3258300304412842
1.29157817363739,1.269197940826416,1.290788173675537,1.2820760011672974,1.340762734413147,1.3266408443450928,1.3116618394851685,1.29764986038208,1.2928049564361572,1.2866445779800415,1.2989805102348329
1.2521134614944458,1.2479485273361206,1.2621090412139893,1.262404203414917,1.329681634902954,1.3058520555496216,1.2830336093902588,1.2877914905548096,1.2687053680419922,1.2767419815063477,1.2776381373405457
1.2263290882110596,1.2312153577804563,1.2352677583694458,1.2299119234085083,1.3126217126846311,1.2794593572616575,1.2474204301834106,1.257552981376648,1.2411422729492188,1.2419005632400513,1.2502821445465089
1.2065150737762451,1.1997547149658203,1.2194255590438845,1.198916792869568,1.2762126922607422,1.2647101879119873,1.2448047399520874,1.2350316047668457,1.2131294012069702,1.2264806032180786,1.228498136997223
1.1812968254089355,1.1814007759094238,1.1975373029708862,1.1984448432922363,1.2683219909667969,1.2391843795776367,1.229153037071228,1.2203683853149414,1.2026846408843994,1.2036197185516355,1.212201189994812
1.177774429321289,1.1565802097320557,1.1950249671936035,1.177407145500183,1.2219736576080322,1.2247626781463623,1.1886541843414309,1.2117927074432373,1.1742206811904907,1.1833540201187134,1.1911544680595398
1.1537638902664185,1.148695468902588,1.163481831550598,1.1498366594314575,1.215742826461792,1.2040034532546997,1.183261156082153,1.1820249557495115,1.1623982191085815,1.1630709171295166,1.1726279377937316
1.143330693244934,1.1312649250030518,1.1312928199768066,1.129173755645752,1.1906819343566897,1.184690237045288,1.158374309539795,1.1594547033309937,1.127070665359497,1.152999758720398,1.1508333802223205
1.1021170616149902,1.1173452138900757,1.1213914155960083,1.1186810731887815,1.1886873245239258,1.1605122089385986,1.1375963687896729,1.13855242729187,1.120510458946228,1.1214170455932615,1.1326810598373414
1.0867135524749756,1.0924694538116455,1.0984879732131958,1.0902198553085327,1.15440571308136,1.1445817947387695,1.1183569431304932,1.119121551513672,1.1068453788757324,1.102617263793945,1.1113819479942322
1.0704256296157837,1.0607694387435913,1.0915189981460571,1.0592423677444458,1.152052640914917,1.1159002780914309,1.1002111434936523,1.1039942502975464,1.082221508026123,1.0886410474777222,1.0924977302551269
1.0617233514785769,1.0541470050811768,1.0696191787719729,1.0720139741897583,1.1230287551879885,1.107551336288452,1.0867677927017212,1.0922306776046753,1.072334051132202,1.0680506229400637,1.0807466745376586
1.0555148124694824,1.046138882637024,1.05575692653656,1.0416197776794434,1.0968434810638428,1.1042941808700562,1.0685886144638062,1.057799220085144,1.0505006313323977,1.058853030204773,1.0635909557342529
1.02175772190094,1.0243819952011108,1.0313631296157837,1.033531665802002,1.0863038301467896,1.0781898498535156,1.0455385446548462,1.051146388053894,1.039807677268982,1.022886872291565,1.0434907674789429
1.01037335395813,1.0109063386917114,1.0142823457717896,0.9917691349983216,1.0698637962341309,1.0675005912780762,1.0334060192108154,1.0418413877487185,1.018653154373169,1.011391282081604,1.0269987404346466
1.7682939767837524,1.7552272081375122,1.7655305862426758,1.78121817111969,1.7964797019958496,1.7669395208358765,1.7856460809707642,1.7892813682556152,1.8133023977279663,1.7867447137832642,1.7808663725852967
1.582607626914978,1.5759083032608032,1.5926954746246338,1.5911303758621216,1.6185505390167236,1.5840438604354858,1.593454122543335,1.6189812421798706,1.6072721481323242,1.5974390506744385,1.5962082743644714
1.5198893547058103,1.510882019996643,1.5227161645889282,1.5208454132080078,1.547966718673706,1.5286550521850586,1.5330930948257446,1.5482183694839478,1.5348448753356934,1.5303090810775757,1.5297420144081115
1.4734416007995603,1.4643210172653198,1.47733736038208,1.4725549221038818,1.507604479789734,1.4833836555480957,1.4813414812088013,1.4968737363815308,1.4959944486618042,1.4861034154891968,1.4838956117630004
1.445479393005371,1.4288512468338013,1.4438315629959106,1.4373058080673218,1.4705876111984253,1.4474973678588867,1.449630618095398,1.4724066257476809,1.4461208581924438,1.4478068351745603,1.44895179271698
1.4107097387313845,1.4025967121124268,1.4108961820602417,1.414156794548035,1.4426697492599487,1.4276721477508545,1.416080117225647,1.436675786972046,1.424321532249451,1.4225990772247314,1.4208377838134765
1.3845280408859253,1.3727086782455444,1.3894996643066406,1.381765604019165,1.416048884391785,1.4038478136062622,1.3870131969451904,1.4112123250961304,1.3975543975830078,1.3955392837524414,1.3939717888832093
1.3649232387542725,1.3480846881866455,1.3635847568511963,1.3690279722213743,1.4013062715530396,1.3723185062408447,1.372830867767334,1.3834075927734375,1.3760151863098145,1.3804680109024048,1.3731967091560364
1.3470518589019775,1.3341597318649292,1.347206473350525,1.3447177410125732,1.370805740356445,1.3544048070907593,1.3406883478164673,1.3731365203857422,1.3476097583770752,1.34990394115448,1.3509684920310974
1.3217086791992188,1.3178644180297852,1.3257242441177368,1.3178950548171997,1.3473403453826904,1.333555817604065,1.3166109323501587,1.34736430644989,1.3290281295776367,1.337088108062744,1.3294180035591125
1.3066940307617188,1.2964967489242554,1.301713228225708,1.2984057664871216,1.3296058177947998,1.3065680265426636,1.2998313903808594,1.3189717531204224,1.3097457885742188,1.31735098361969,1.3085383534431458
1.2964341640472412,1.271677851676941,1.2847306728363037,1.2773927450180054,1.3181825876235962,1.3004802465438845,1.2783279418945312,1.303199291229248,1.2803763151168823,1.3009693622589111,1.2911771178245544
1.2664345502853394,1.2525547742843628,1.2682512998580933,1.2713531255722046,1.2886427640914917,1.2784035205841064,1.2520076036453247,1.2864396572113037,1.2749370336532593,1.2860424518585205,1.2725066781044005
1.250200629234314,1.244542121887207,1.2528797388076782,1.2525479793548584,1.2785367965698242,1.252938151359558,1.244903326034546,1.2653460502624512,1.2522298097610474,1.264193773269653,1.2558318376541138
1.2376729249954224,1.2348146438598633,1.2274043560028076,1.2281477451324463,1.2591040134429932,1.2400474548339844,1.2237402200698853,1.2486852407455444,1.2368066310882568,1.2391809225082395,1.2375604152679442
1.2182315587997437,1.2143592834472656,1.2181038856506348,1.2193281650543213,1.233643651008606,1.2287160158157349,1.207283854484558,1.2360661029815674,1.2197751998901367,1.2254174947738647,1.2220925211906433
1.2029215097427368,1.192307710647583,1.1986947059631348,1.199360728263855,1.2254209518432615,1.212100625038147,1.1952831745147705,1.2268439531326294,1.206125259399414,1.2162096500396729,1.2075268268585204
1.1772176027297974,1.1813889741897583,1.1944323778152466,1.1775364875793457,1.2133632898330688,1.1985962390899658,1.174271583557129,1.2125860452651978,1.1853318214416504,1.192599892616272,1.1907324314117431
1.1729410886764526,1.15735125541687,1.169815182685852,1.165174961090088,1.1893157958984375,1.1882646083831787,1.1632890701293943,1.1982383728027344,1.1706292629241943,1.1891018152236938,1.1764121413230897
1.1638582944869995,1.147562861442566,1.149333953857422,1.1511101722717283,1.179945945739746,1.1639668941497805,1.1497615575790403,1.184186577796936,1.1522372961044312,1.1646358966827393,1.160659945011139
1.145302414894104,1.1378620862960815,1.1319154500961304,1.136016845703125,1.1709994077682495,1.1571333408355713,1.1280183792114258,1.1656575202941897,1.1476880311965942,1.156660079956055,1.1477253556251525
1.1276451349258425,1.1179325580596924,1.1227684020996094,1.1183065176010132,1.154078722000122,1.1358925104141235,1.1138895750045776,1.1485713720321655,1.120606780052185,1.1397292613983154,1.1299420833587646
1.1130934953689575,1.1038177013397217,1.1082665920257568,1.109540581703186,1.1402910947799685,1.1314629316329956,1.1007541418075562,1.1339715719223022,1.114647388458252,1.1254154443740845,1.118126094341278
1.0974979400634766,1.0933270454406738,1.091192364692688,1.0985742807388306,1.1205174922943115,1.107159972190857,1.085326075553894,1.1189693212509155,1.0942691564559937,1.1140828132629397,1.102091646194458
1.0852590799331665,1.083080530166626,1.078701376914978,1.0781481266021729,1.1063635349273682,1.0977197885513306,1.0729131698608398,1.1073813438415527,1.089241623878479,1.095594882965088,1.0894403457641602
1.065915584564209,1.0570111274719238,1.0725481510162354,1.0609335899353027,1.0920425653457642,1.0884137153625488,1.0442335605621338,1.089649319648743,1.078417181968689,1.0818530321121216,1.073101782798767
1.0572426319122314,1.0444024801254272,1.0566625595092771,1.0526766777038574,1.090264916419983,1.082438349723816,1.0398627519607544,1.072786569595337,1.0538699626922607,1.0671709775924685,1.0617377877235412
1.038344383239746,1.0322680473327637,1.040501356124878,1.0422505140304563,1.060860276222229,1.0557351112365725,1.0277330875396729,1.0693753957748413,1.03170907497406,1.0515867471694946,1.0450363993644713
1.0231345891952517,1.0087289810180664,1.0303882360458374,1.018059253692627,1.0445618629455566,1.0382952690124512,1.0085967779159546,1.0520589351654053,1.0326275825500488,1.0315996408462524,1.0288051128387452
1.0058029890060425,0.997305691242218,1.0059959888458252,1.0022952556610107,1.0376476049423218,1.0264734029769895,1.0018210411071775,1.032304048538208,1.0123714208602903,1.0219182968139648,1.014393573999405
0.9931637048721312,0.9916167855262756,0.9867179989814758,1.0019712448120115,1.0198523998260498,1.0204064846038818,0.9849328398704528,1.0197452306747437,0.9967221617698668,1.010287880897522,1.0025416731834411
0.9863996505737304,0.9733062982559204,0.9747922420501708,0.978200137615204,1.0063412189483645,1.005418300628662,0.9703134298324584,1.002981424331665,0.9884369373321532,0.9958638548851012,0.988205349445343
0.9570260047912598,0.9598575234413148,0.97637140750885,0.9648167490959167,1.000849723815918,0.9870044589042664,0.9525715708732604,0.988535463809967,0.963836133480072,0.9798540472984314,0.9730723083019257
0.9556889533996582,0.9439117908477784,0.950187623500824,0.9524416923522948,0.977544903755188,0.9722672700881958,0.9444314241409302,0.9801560640335084,0.9561504125595092,0.962916135787964,0.9595696270465851
0.9351173639297484,0.9269997477531432,0.936062216758728,0.9273551106452942,0.9643363356590272,0.9561939239501952,0.9264976382255554,0.9591543078422546,0.9384368658065796,0.9490020275115968,0.9419155538082122
0.9314305186271667,0.914645254611969,0.9184551239013672,0.921282172203064,0.9491121768951416,0.940274715423584,0.9051932096481324,0.9488677978515624,0.9294925332069396,0.9315617680549622,0.9290315270423889
0.9061815142631532,0.8941497802734375,0.9038105010986328,0.9062485694885254,0.9346319437026978,0.9295725226402284,0.8938381671905518,0.9216911792755128,0.9079821705818176,0.9237425923347472,0.9121848940849304
0.8913785815238953,0.8855985403060913,0.8916142582893372,0.8840125799179077,0.920711636543274,0.914406955242157,0.8825339078903198,0.9124364256858826,0.8904914259910583,0.905408263206482,0.8978592574596405
0.874992847442627,0.8606389760971069,0.8656193017959595,0.8644437789916992,0.9039879441261292,0.8974014520645142,0.8670695424079895,0.9022262692451476,0.8782691955566406,0.8901146650314331,0.8804763972759246
0.8630043268203735,0.85097336769104,0.8590376377105713,0.857112467288971,0.8939996957778931,0.8802348375320435,0.8463006615638733,0.8844253420829773,0.8609656095504761,0.8763563632965088,0.8672410309314728
0.8523114919662476,0.8351202011108398,0.842995285987854,0.8411247730255127,0.8757196068763733,0.8683597445487976,0.8351360559463501,0.8805655837059021,0.8469652533531189,0.8587328791618347,0.8537030875682831
0.833310067653656,0.8097922205924988,0.8234208226203918,0.8251703381538391,0.855397641658783,0.8552326560020447,0.8192040324211121,0.8609243631362915,0.8332593441009521,0.8444550037384033,0.8360166490077973
0.8187527656555176,0.8010075092315674,0.8164147138595581,0.8099707961082458,0.8433496356010437,0.8383798003196716,0.8009936809539795,0.8480347990989685,0.8128404021263123,0.8341560959815979,0.8223900198936462
0.799985945224762,0.7925500869750977,0.7892612218856812,0.7983565330505371,0.8238810896873474,0.819322943687439,0.7874307036399841,0.8219876885414124,0.8000306487083435,0.8169572353363037,0.8049764096736908
0.7851163744926453,0.7689749598503113,0.7878822684288025,0.784252941608429,0.815649151802063,0.8096117377281189,0.7695823311805725,0.8060716986656189,0.7819908857345581,0.7935115098953247,0.7902643859386445
0.7608779668807983,0.760125458240509,0.7649155855178833,0.7576887011528015,0.792522668838501,0.7966077923774719,0.7614225149154663,0.8003839254379272,0.7713858485221863,0.776412844657898,0.7742343306541443
0.749070942401886,0.7333824634552002,0.7410212159156799,0.744428813457489,0.777747392654419,0.7782771587371826,0.741261899471283,0.7693657279014587,0.7573261857032776,0.7629908323287964,0.7554872632026672
0.7349149584770203,0.7207761406898499,0.73017817735672,0.7365468740463257,0.7622210383415222,0.7502096891403198,0.7235225439071655,0.7617923021316528,0.7273890376091003,0.7410951256752014,0.7388645887374878
0.722922682762146,0.7064124345779419,0.7154041528701782,0.7193478345870972,0.7456434369087219,0.7349010109901428,0.7011340856552124,0.7393683195114136,0.7171319723129272,0.7348871827125549,0.7237153112888336
0.6986945867538452,0.6981635093688965,0.6998913288116455,0.6977893114089966,0.7273908853530884,0.7264537811279297,0.6957740187644958,0.7323163747787476,0.7063999176025391,0.7195060849189758,0.710237979888916
0.6837933659553528,0.6707482933998108,0.6818709969520569,0.6856802105903625,0.712171733379364,0.7049512267112732,0.6738346815109253,0.7106196880340576,0.6833232045173645,0.6841684579849243,0.6891161859035492
0.6651132702827454,0.6570994257926941,0.6661312580108643,0.6608569025993347,0.6875806450843811,0.6883339881896973,0.6501737833023071,0.6860818862915039,0.6681686639785767,0.6828280091285706,0.6712367832660675
0.6434947848320007,0.6392290592193604,0.6453317403793335,0.6446139812469482,0.674143373966217,0.6711648106575012,0.6395484805107117,0.6722986698150635,0.6494280099868774,0.6635429263114929,0.6542795836925507
0.6245439648628235,0.6210099458694458,0.6312692165374756,0.6317746639251709,0.6500025391578674,0.6609672904014587,0.6284824013710022,0.6615984439849854,0.6389919519424438,0.6372756958007812,0.6385916113853455
0.6044072508811951,0.5906642079353333,0.6073507070541382,0.6100859045982361,0.638687014579773,0.6425973176956177,0.5902145504951477,0.6383223533630371,0.6058816909790039,0.622329831123352,0.6150540828704834
0.5854713916778564,0.585132360458374,0.5838265419006348,0.5856334567070007,0.6239699125289917,0.611494243144989,0.5820715427398682,0.6187424659729004,0.595967710018158,0.6120392084121704,0.5984348833560944
0.569756031036377,0.55322265625,0.5567973852157593,0.5691680908203125,0.6019072532653809,0.5965052843093872,0.5623183846473694,0.6078135967254639,0.5729749202728271,0.5870901346206665,0.5777553737163543
0.5554529428482056,0.5531065464019775,0.5487467050552368,0.5484771728515625,0.582719624042511,0.5801569819450378,0.5456070899963379,0.5850688815116882,0.5448534488677979,0.5707716941833496,0.5614961087703705
0.5344231724739075,0.5315288305282593,0.532523512840271,0.5313479900360107,0.568928599357605,0.5624484419822693,0.5270975232124329,0.5618886947631836,0.5407485961914062,0.5537444353103638,0.544467979669571
0.5148643851280212,0.5015418529510498,0.5175082683563232,0.5117977857589722,0.5439823865890503,0.5364412069320679,0.5066395401954651,0.5467135310173035,0.5198885798454285,0.5313774943351746,0.5230755031108856
0.4950217008590698,0.4868213832378387,0.4993323385715484,0.4952496290206909,0.5309604406356812,0.5212811827659607,0.4845830500125885,0.5276402235031128,0.5005766153335571,0.5098697543144226,0.5051336318254471
0.4676947593688965,0.4604277908802032,0.4809544086456299,0.4820366203784942,0.5020042061805725,0.5057973861694336,0.4716320037841797,0.505593478679657,0.4770566821098327,0.4883579909801483,0.4841555327177048
0.4546349048614502,0.4495370388031006,0.4552730321884155,0.4526292681694031,0.4868969619274139,0.4779283702373504,0.4449159502983093,0.4877164661884308,0.4573653042316437,0.4711458384990692,0.4638043135404587
0.4378787577152252,0.4372705221176147,0.4386472105979919,0.433839350938797,0.4668419361114502,0.4756803810596466,0.4413115382194519,0.4679125845432281,0.4421858191490173,0.4467653334140777,0.4488333433866501
0.412919819355011,0.4095480144023895,0.4132240414619446,0.426183134317398,0.4446083307266235,0.4506734311580658,0.4113931059837341,0.4473985135555267,0.4233894348144531,0.433479756116867,0.42728175818920133
0.3926907777786255,0.3914991021156311,0.3987458646297455,0.3985243141651153,0.4264175295829773,0.4286950528621673,0.393056184053421,0.4224727153778076,0.4019381999969482,0.4173432290554046,0.4071382969617844
0.3807627260684967,0.3664528727531433,0.3852531313896179,0.376477837562561,0.412859559059143,0.4110985994338989,0.3721280395984649,0.4104512333869934,0.381380170583725,0.3969197571277618,0.38937839269638064
0.3598187267780304,0.3544315099716186,0.3508961200714111,0.3676494061946869,0.3909881114959717,0.3952142000198364,0.3580735027790069,0.3883703649044037,0.3603523373603821,0.3729202449321747,0.36987145245075226
0.3365450501441955,0.3355374336242676,0.3417790234088897,0.3402392566204071,0.3694119453430176,0.3669005036354065,0.3388666808605194,0.3708820343017578,0.3434324264526367,0.3614329993724823,0.350502735376358
0.324824720621109,0.310151994228363,0.322886049747467,0.3188721537590027,0.3450451493263244,0.3453536033630371,0.3098525404930115,0.3543560206890106,0.3291991949081421,0.333398699760437,0.32939401268959045
0.3053572177886963,0.2965657711029053,0.3033390343189239,0.3077037632465362,0.3254084587097168,0.3276791572570801,0.2960637807846069,0.3306357562541961,0.3097236454486847,0.319032073020935,0.31215086579322815
0.2834498286247253,0.2772590816020965,0.2819462120532989,0.286780834197998,0.3134839832782745,0.313407152891159,0.2792433798313141,0.3116132020950317,0.2885719835758209,0.2933989763259887,0.2929154634475708
0.2611972689628601,0.2572011947631836,0.2613911032676697,0.2690034806728363,0.2944009900093078,0.2902113199234009,0.2622789144515991,0.3017071485519409,0.2723477482795715,0.2813222110271454,0.2751061379909515
0.2536791265010834,0.2443104535341262,0.2525002360343933,0.2502904832363128,0.2769611179828644,0.2708612084388733,0.2506392300128937,0.2811081409454345,0.2590610086917877,0.2634696066379547,0.2602880612015724
0.2292572855949401,0.2218742221593856,0.2317655086517334,0.2381941676139831,0.2562013268470764,0.2612704336643219,0.2337212264537811,0.2648422122001648,0.2362028360366821,0.2466030418872833,0.24199322611093516
0.2160509973764419,0.2113695442676544,0.2178486883640289,0.216899573802948,0.241261675953865,0.243140161037445,0.2159716337919235,0.2547406852245331,0.2191260755062103,0.2308270931243896,0.22672361284494397
0.1991081833839416,0.2000240683555603,0.2060903757810592,0.2028970122337341,0.2236391454935073,0.2238543480634689,0.1982084214687347,0.232684388756752,0.2096108645200729,0.2145131975412368,0.21106300055980678
0.1916914135217666,0.1886134594678878,0.19287109375,0.1871430426836013,0.2121119052171707,0.2079491466283798,0.1840891391038894,0.2184195220470428,0.1974979639053344,0.1975283324718475,0.19779150187969205
0.1732784658670425,0.1679229736328125,0.1737353503704071,0.1801520437002182,0.1996075361967086,0.1967548429965973,0.1723295003175735,0.1991548389196396,0.18084117770195,0.1938265562057495,0.1837603285908699
0.165785402059555,0.1555453687906265,0.1643177419900894,0.1611944437026977,0.1852987110614776,0.1817957758903503,0.1601444631814956,0.1892743557691574,0.1674110740423202,0.1758067160844802,0.170657405257225
0.1508661061525344,0.1432657986879348,0.1542118638753891,0.1541759073734283,0.1717997640371322,0.1714094579219818,0.1501380354166031,0.1788055896759033,0.1572693735361099,0.1591217964887619,0.1591063693165779
0.1404055207967758,0.1374551951885223,0.1405926048755645,0.1454378515481948,0.1627541929483413,0.1579645425081253,0.1377253979444503,0.1659071296453476,0.1442026942968368,0.1535436660051345,0.14859887957572931
0.1360166519880294,0.1270554065704345,0.1341143995523452,0.1342856436967849,0.1475763618946075,0.1472149938344955,0.1303805559873581,0.1553667485713958,0.1375483870506286,0.140993133187294,0.13905522823333735
0.1257994472980499,0.1206121742725372,0.127099871635437,0.1242656782269477,0.1418748497962951,0.1443710178136825,0.1217204928398132,0.1450410485267639,0.1293811053037643,0.1320859640836715,0.13122516497969625
0.1138353943824768,0.1124580353498458,0.1182975023984909,0.1186126619577407,0.1316653341054916,0.1334347575902938,0.1121796444058418,0.1366945505142212,0.1197369620203971,0.126616969704628,0.12235318124294277
0.1060677394270896,0.1045303642749786,0.111008882522583,0.1130903214216232,0.1252264529466629,0.125359371304512,0.1065672114491462,0.1288517713546753,0.1144291684031486,0.114634484052658,0.11497657671570774
0.1013458594679832,0.0982863754034042,0.1037182807922363,0.1072281152009964,0.1205387338995933,0.1163004636764526,0.1004178375005722,0.1251703798770904,0.1065790727734565,0.1107762530446052,0.10903613716363902
0.0980527997016906,0.0953857377171516,0.0979086384177208,0.1008123010396957,0.1113911047577858,0.1107437834143638,0.0956005677580833,0.121322214603424,0.1025034114718437,0.1065897792577743,0.10403103381395336
0.0926825106143951,0.0914522334933281,0.0948038473725318,0.0955047234892845,0.1059825047850608,0.1046734079718589,0.0905148759484291,0.1112570017576217,0.0953791588544845,0.0987792164087295,0.0981029480695724
0.0882248654961586,0.0852939561009407,0.0900647565722465,0.0913172736763954,0.0997143611311912,0.0997354090213775,0.0850400626659393,0.1068998202681541,0.0911071151494979,0.0932396724820137,0.09306372925639149
0.0829981639981269,0.0806706622242927,0.0857142508029937,0.0860602036118507,0.0953415259718895,0.0986444428563118,0.0842294096946716,0.1006197333335876,0.0862875506281852,0.0901791825890541,0.08907451257109639
0.0782961696386337,0.0802291631698608,0.0826356187462806,0.0849902033805847,0.0927985906600952,0.0916594788432121,0.0809096470475196,0.0975801348686218,0.0859221145510673,0.087596021592617,0.0862617142498493
0.077196717262268,0.0765849277377128,0.0826083645224571,0.0820432230830192,0.0905696749687194,0.0895107761025428,0.0766849666833877,0.0954934954643249,0.0833581537008285,0.0844558104872703,0.08385061100125309
0.0759413689374923,0.0745925456285476,0.0756369158625602,0.0787035450339317,0.0864068493247032,0.0870066210627555,0.0745702609419822,0.0897397324442863,0.0784111618995666,0.0837313011288642,0.08047403022646898
0.0743432864546775,0.0711873844265937,0.0741316154599189,0.0762390717864036,0.0822178423404693,0.0832683518528938,0.0720997154712677,0.0893443748354911,0.0759417116641998,0.0802107080817222,0.07789840623736377
0.0715577155351638,0.0700708702206611,0.0708813592791557,0.0742677524685859,0.0802201107144355,0.0815936774015426,0.0707308053970336,0.0837654694914817,0.0751848965883255,0.0773334503173828,0.07556061074137682
0.06870848685503,0.067125417292118,0.0696403607726097,0.0736144185066223,0.0794199854135513,0.0800518319010734,0.0684483423829078,0.0838108584284782,0.0734002068638801,0.0753901302814483,0.07396100386977192
0.0672269463539123,0.0674473047256469,0.0697489380836486,0.0710234716534614,0.0775421410799026,0.0794377699494361,0.0663629025220871,0.0824385210871696,0.069899283349514,0.0731896311044693,0.07243169099092481
0.0676895901560783,0.0658531412482261,0.0695036500692367,0.0680355429649353,0.077604554593563,0.0792532414197921,0.0664418563246727,0.0809821635484695,0.0720645263791084,0.0731378719210624,0.07205661386251445
0.0660328939557075,0.0637155696749687,0.067239373922348,0.0677835196256637,0.0737476721405983,0.0772120952606201,0.0656806305050849,0.0793742686510086,0.0714342445135116,0.0706891939043998,0.07029094621539113
